packet_num,type,type_name,timestamp,x,y,z,temperature
1,0,accel,6340000,-2.306692600250244,-3.110685110092163,150.11688232421875,23.0
2,0,accel,6350000,-0.16271276772022247,-0.2775688171386719,9.801051139831543,23.0
9,0,accel,6360000,-0.15314142405986786,-0.26799750328063965,9.820194244384766,23.0
10,0,accel,6370000,-0.19142678380012512,-0.2871401607990265,9.801051139831543,23.0
13,0,accel,6380000,-0.1722840964794159,-0.2871401607990265,9.724480628967285,23.0
15,0,accel,6390000,-0.1722840964794159,-0.2967115044593811,9.820194244384766,23.0
16,0,accel,9060000,-0.1818554401397705,-0.26799750328063965,9.896764755249023,24.0
17,0,accel,9070000,-0.21056945621967316,-0.24885481595993042,9.8776216506958,24.0
18,0,accel,9080000,-0.1818554401397705,-0.2967115044593811,9.896764755249023,24.0
19,0,accel,9090000,-0.16271276772022247,-0.2871401607990265,9.896764755249023,24.0
20,0,accel,9100000,-0.15314142405986786,-0.24885481595993042,9.906335830688477,24.0
21,0,accel,9110000,-0.1722840964794159,-0.26799750328063965,9.887192726135254,24.0
22,0,accel,9120000,-0.16271276772022247,-0.2967115044593811,9.868050575256348,24.0
23,0,accel,9130000,-0.1722840964794159,-0.25842615962028503,9.8776216506958,24.0
24,0,accel,9140000,-0.1722840964794159,-0.26799750328063965,9.887192726135254,24.0
25,0,accel,9150000,-0.14357008039951324,-0.26799750328063965,9.8776216506958,24.0
53,0,accel,9200000,-0.1722840964794159,-0.25842615962028503,9.887192726135254,24.0
54,0,accel,9210000,-0.13399875164031982,-0.2775688171386719,9.91590690612793,24.0
55,0,accel,9220000,-0.1722840964794159,-0.2967115044593811,9.887192726135254,24.0
56,0,accel,9230000,-0.1818554401397705,-0.2871401607990265,9.887192726135254,24.0
57,0,accel,9240000,-0.1722840964794159,-0.2967115044593811,9.887192726135254,24.0
58,0,accel,9250000,-0.1722840964794159,-0.2775688171386719,9.8776216506958,24.0
59,0,accel,9260000,-0.16271276772022247,-0.2967115044593811,9.906335830688477,24.0
60,0,accel,9270000,-0.1722840964794159,-0.26799750328063965,9.887192726135254,24.0
61,0,accel,9280000,-0.15314142405986786,-0.2775688171386719,9.896764755249023,24.0
62,0,accel,9290000,-0.15314142405986786,-0.2775688171386719,9.887192726135254,24.0
80,0,accel,9310000,-0.15314142405986786,-0.2967115044593811,9.906335830688477,24.0
81,0,accel,9320000,-0.15314142405986786,-0.25842615962028503,9.887192726135254,24.0
82,0,accel,9330000,-0.1722840964794159,-0.26799750328063965,9.887192726135254,24.0
83,0,accel,9350000,-0.16271276772022247,-0.26799750328063965,9.8776216506958,24.0
84,0,accel,9360000,-0.13399875164031982,-0.2871401607990265,9.868050575256348,24.0
85,0,accel,9370000,-0.15314142405986786,-0.2775688171386719,9.906335830688477,24.0
86,0,accel,9380000,-0.15314142405986786,-0.25842615962028503,9.887192726135254,24.0
87,0,accel,9390000,-0.1722840964794159,-0.2871401607990265,9.8776216506958,24.0
88,0,accel,9400000,-0.15314142405986786,-0.2775688171386719,9.906335830688477,24.0
89,0,accel,9410000,-0.14357008039951324,-0.2871401607990265,9.906335830688477,24.0
105,0,accel,9420000,-0.15314142405986786,-0.26799750328063965,9.906335830688477,24.0
106,0,accel,9430000,-0.1722840964794159,-0.2775688171386719,9.887192726135254,24.0
107,0,accel,9440000,-0.1818554401397705,-0.2392834722995758,9.906335830688477,24.0
108,0,accel,9450000,-0.16271276772022247,-0.26799750328063965,9.906335830688477,24.0
109,0,accel,9460000,-0.15314142405986786,-0.25842615962028503,9.896764755249023,24.0
110,0,accel,9470000,-0.15314142405986786,-0.2967115044593811,9.91590690612793,24.0
111,0,accel,9480000,-0.14357008039951324,-0.26799750328063965,9.944621086120605,24.0
112,0,accel,9490000,-0.13399875164031982,-0.2871401607990265,9.9254789352417,24.0
113,0,accel,9500000,-0.10528472810983658,-0.2775688171386719,9.935050010681152,24.0
114,0,accel,9510000,-0.14357008039951324,-0.25842615962028503,9.935050010681152,24.0
131,0,accel,9530000,-0.15314142405986786,-0.2871401607990265,9.973335266113281,24.0
132,0,accel,9540000,-0.1818554401397705,-0.25842615962028503,9.963764190673828,24.0
133,0,accel,9550000,-0.1722840964794159,-0.25842615962028503,9.982906341552734,24.0
134,0,accel,9560000,-0.16271276772022247,-0.26799750328063965,9.992478370666504,24.0
135,0,accel,9570000,-0.20099811255931854,-0.26799750328063965,9.973335266113281,24.0
136,0,accel,9580000,-0.19142678380012512,-0.26799750328063965,9.944621086120605,24.0
137,0,accel,9590000,-0.19142678380012512,-0.24885481595993042,9.9254789352417,24.0
138,0,accel,9600000,-0.13399875164031982,-0.31585419178009033,9.91590690612793,24.0
139,0,accel,9610000,-0.19142678380012512,-0.2871401607990265,9.906335830688477,24.0
140,0,accel,9620000,-0.14357008039951324,-0.25842615962028503,9.9254789352417,24.0
156,0,accel,9640000,-0.15314142405986786,-0.2775688171386719,9.868050575256348,24.0
157,0,accel,9650000,-0.15314142405986786,-0.25842615962028503,9.906335830688477,24.0
158,0,accel,9660000,-0.14357008039951324,-0.26799750328063965,9.91590690612793,24.0
159,0,accel,9670000,-0.21056945621967316,-0.2871401607990265,9.887192726135254,24.0
160,0,accel,9680000,-0.20099811255931854,-0.2871401607990265,9.868050575256348,24.0
161,0,accel,9690000,-0.1818554401397705,-0.26799750328063965,9.858479499816895,24.0
162,0,accel,9700000,-0.1722840964794159,-0.2967115044593811,9.868050575256348,24.0
163,0,accel,9710000,-0.1722840964794159,-0.2775688171386719,9.858479499816895,24.0
164,0,accel,9720000,-0.1722840964794159,-0.2775688171386719,9.858479499816895,24.0
165,0,accel,9730000,-0.1722840964794159,-0.26799750328063965,9.858479499816895,24.0
184,0,accel,9770000,-0.16271276772022247,-0.2967115044593811,9.848907470703125,24.0
185,0,accel,9780000,-0.15314142405986786,-0.25842615962028503,9.848907470703125,24.0
186,0,accel,9790000,-0.14357008039951324,-0.26799750328063965,9.848907470703125,24.0
187,0,accel,9800000,-0.14357008039951324,-0.26799750328063965,9.820194244384766,24.0
188,0,accel,9810000,-0.16271276772022247,-0.2775688171386719,9.829765319824219,24.0
189,0,accel,9820000,-0.14357008039951324,-0.2871401607990265,9.858479499816895,24.0
190,0,accel,9830000,-0.1722840964794159,-0.26799750328063965,9.868050575256348,24.0
191,0,accel,9840000,-0.15314142405986786,-0.2871401607990265,9.848907470703125,24.0
192,0,accel,9850000,-0.1818554401397705,-0.26799750328063965,9.858479499816895,24.0
193,0,accel,9860000,-0.13399875164031982,-0.2297121286392212,9.858479499816895,24.0
209,0,accel,9880000,-0.12442740797996521,-0.2775688171386719,9.896764755249023,24.0
210,0,accel,9890000,-0.1148560643196106,-0.2297121286392212,9.896764755249023,24.0
211,0,accel,9900000,-0.12442740797996521,-0.2775688171386719,9.868050575256348,24.0
212,0,accel,9910000,-0.13399875164031982,-0.24885481595993042,9.8776216506958,24.0
213,0,accel,9920000,-0.14357008039951324,-0.2775688171386719,9.887192726135254,24.0
214,0,accel,9930000,-0.15314142405986786,-0.26799750328063965,9.935050010681152,24.0
215,0,accel,9940000,-0.14357008039951324,-0.2775688171386719,9.91590690612793,24.0
216,0,accel,9950000,-0.14357008039951324,-0.24885481595993042,9.9254789352417,24.0
217,0,accel,9960000,-0.15314142405986786,-0.2775688171386719,9.944621086120605,24.0
218,0,accel,9970000,-0.14357008039951324,-0.2775688171386719,9.935050010681152,24.0
236,0,accel,10000000,-0.1148560643196106,-0.25842615962028503,9.9254789352417,24.0
237,0,accel,10010000,-0.15314142405986786,-0.25842615962028503,9.963764190673828,24.0
238,0,accel,10020000,-0.16271276772022247,-0.26799750328063965,9.954192161560059,24.0
239,0,accel,10030000,-0.15314142405986786,-0.2775688171386719,9.944621086120605,24.0
240,0,accel,10040000,-0.14357008039951324,-0.26799750328063965,9.954192161560059,24.0
241,0,accel,10050000,-0.1722840964794159,-0.2967115044593811,9.954192161560059,24.0
242,0,accel,10060000,-0.1722840964794159,-0.2871401607990265,9.944621086120605,24.0
243,0,accel,10070000,-0.15314142405986786,-0.2967115044593811,9.935050010681152,24.0
244,0,accel,10080000,-0.16271276772022247,-0.2871401607990265,9.935050010681152,24.0
245,0,accel,10090000,-0.16271276772022247,-0.2871401607990265,9.91590690612793,24.0
261,0,accel,10110000,-0.20099811255931854,-0.2775688171386719,9.887192726135254,24.0
262,0,accel,10120000,-0.16271276772022247,-0.2967115044593811,9.896764755249023,24.0
263,0,accel,10130000,-0.16271276772022247,-0.2871401607990265,9.8776216506958,24.0
264,0,accel,10140000,-0.16271276772022247,-0.26799750328063965,9.906335830688477,24.0
265,0,accel,10150000,-0.1818554401397705,-0.3062828481197357,9.896764755249023,24.0
266,0,accel,10160000,-0.1818554401397705,-0.2871401607990265,9.8776216506958,24.0
267,0,accel,10170000,-0.21056945621967316,-0.2871401607990265,9.896764755249023,24.0
268,0,accel,10180000,-0.20099811255931854,-0.2871401607990265,9.8776216506958,24.0
269,0,accel,10190000,-0.14357008039951324,-0.26799750328063965,9.906335830688477,24.0
270,0,accel,10200000,-0.14357008039951324,-0.2871401607990265,9.887192726135254,24.0
284,0,accel,10210000,-0.15314142405986786,-0.2775688171386719,9.906335830688477,24.0
285,0,accel,10220000,-0.16271276772022247,-0.2775688171386719,9.906335830688477,24.0
286,0,accel,10230000,-0.16271276772022247,-0.2775688171386719,9.8776216506958,24.0
287,0,accel,10240000,-0.12442740797996521,-0.26799750328063965,9.896764755249023,24.0
288,0,accel,10250000,-0.16271276772022247,-0.2871401607990265,9.887192726135254,24.0
289,0,accel,10260000,-0.1722840964794159,-0.2871401607990265,9.906335830688477,24.0
290,0,accel,10270000,-0.14357008039951324,-0.2967115044593811,9.896764755249023,24.0
291,0,accel,10280000,-0.1722840964794159,-0.2967115044593811,9.91590690612793,24.0
292,0,accel,10290000,-0.1722840964794159,-0.2392834722995758,9.896764755249023,24.0
309,0,accel,10310000,-0.16271276772022247,-0.2967115044593811,9.887192726135254,24.0
310,0,accel,10320000,-0.14357008039951324,-0.2297121286392212,9.8776216506958,24.0
311,0,accel,10330000,-0.1722840964794159,-0.25842615962028503,9.8776216506958,24.0
312,0,accel,10340000,-0.1722840964794159,-0.2775688171386719,9.858479499816895,24.0
313,0,accel,10350000,-0.15314142405986786,-0.25842615962028503,9.91590690612793,24.0
314,0,accel,10360000,-0.16271276772022247,-0.2967115044593811,9.896764755249023,24.0
315,0,accel,10370000,-0.1818554401397705,-0.24885481595993042,9.896764755249023,24.0
316,0,accel,10380000,-0.1722840964794159,-0.2871401607990265,9.887192726135254,24.0
317,0,accel,10390000,-0.1722840964794159,-0.2775688171386719,9.896764755249023,24.0
318,0,accel,10400000,-0.1722840964794159,-0.2775688171386719,9.887192726135254,24.0
337,0,accel,10450000,-0.19142678380012512,-0.2297121286392212,9.8776216506958,24.0
338,0,accel,10460000,-0.16271276772022247,-0.3062828481197357,9.8776216506958,24.0
339,0,accel,10470000,-0.1722840964794159,-0.2967115044593811,9.896764755249023,24.0
340,0,accel,10480000,-0.16271276772022247,-0.2871401607990265,9.887192726135254,24.0
341,0,accel,10490000,-0.1722840964794159,-0.2967115044593811,9.887192726135254,24.0
342,0,accel,10500000,-0.16271276772022247,-0.2871401607990265,9.887192726135254,24.0
343,0,accel,10510000,-0.15314142405986786,-0.2775688171386719,9.91590690612793,24.0
344,0,accel,10520000,-0.1722840964794159,-0.24885481595993042,9.887192726135254,24.0
345,0,accel,10530000,-0.1722840964794159,-0.2871401607990265,9.868050575256348,24.0
346,0,accel,10540000,-0.1722840964794159,-0.2775688171386719,9.906335830688477,24.0
361,0,accel,10550000,-0.14357008039951324,-0.26799750328063965,9.906335830688477,24.0
362,0,accel,10560000,-0.16271276772022247,-0.3062828481197357,9.896764755249023,24.0
363,0,accel,10570000,-0.16271276772022247,-0.26799750328063965,9.906335830688477,24.0
364,0,accel,10580000,-0.13399875164031982,-0.26799750328063965,9.906335830688477,24.0
365,0,accel,10590000,-0.16271276772022247,-0.26799750328063965,9.887192726135254,24.0
366,0,accel,10600000,-0.15314142405986786,-0.2871401607990265,9.896764755249023,24.0
367,0,accel,10610000,-0.12442740797996521,-0.2967115044593811,9.896764755249023,24.0
368,0,accel,10620000,-0.15314142405986786,-0.26799750328063965,9.906335830688477,24.0
369,0,accel,10630000,-0.1818554401397705,-0.24885481595993042,9.896764755249023,24.0
370,0,accel,10640000,-0.1722840964794159,-0.26799750328063965,9.8776216506958,24.0
389,0,accel,10680000,-0.15314142405986786,-0.26799750328063965,9.887192726135254,24.0
390,0,accel,10690000,-0.16271276772022247,-0.31585419178009033,9.9254789352417,24.0
391,0,accel,10700000,-0.14357008039951324,-0.2967115044593811,9.8776216506958,24.0
392,0,accel,10710000,-0.14357008039951324,-0.2392834722995758,9.887192726135254,24.0
393,0,accel,10720000,-0.14357008039951324,-0.2775688171386719,9.896764755249023,24.0
394,0,accel,10730000,-0.16271276772022247,-0.2775688171386719,9.8776216506958,24.0
395,0,accel,10740000,-0.1818554401397705,-0.2297121286392212,9.887192726135254,24.0
396,0,accel,10750000,-0.1722840964794159,-0.2871401607990265,9.906335830688477,24.0
397,0,accel,10760000,-0.21056945621967316,-0.26799750328063965,9.8776216506958,24.0
398,0,accel,10770000,-0.16271276772022247,-0.2775688171386719,9.896764755249023,24.0
415,0,accel,10800000,-0.15314142405986786,-0.25842615962028503,9.896764755249023,24.0
416,0,accel,10810000,-0.16271276772022247,-0.2775688171386719,9.896764755249023,24.0
417,0,accel,10820000,-0.12442740797996521,-0.2775688171386719,9.896764755249023,24.0
418,0,accel,10830000,-0.13399875164031982,-0.26799750328063965,9.868050575256348,24.0
419,0,accel,10840000,-0.16271276772022247,-0.2775688171386719,9.8776216506958,24.0
420,0,accel,10850000,-0.15314142405986786,-0.2775688171386719,9.896764755249023,24.0
421,0,accel,10860000,-0.15314142405986786,-0.2871401607990265,9.906335830688477,24.0
422,0,accel,10870000,-0.1818554401397705,-0.25842615962028503,9.887192726135254,24.0
423,0,accel,10880000,-0.1722840964794159,-0.2871401607990265,9.887192726135254,24.0
424,0,accel,10890000,-0.19142678380012512,-0.26799750328063965,9.896764755249023,24.0
442,0,accel,10910000,-0.15314142405986786,-0.26799750328063965,9.896764755249023,24.0
443,0,accel,10920000,-0.15314142405986786,-0.26799750328063965,9.896764755249023,24.0
444,0,accel,10930000,-0.15314142405986786,-0.25842615962028503,9.887192726135254,24.0
445,0,accel,10950000,-0.1722840964794159,-0.2297121286392212,9.896764755249023,24.0
446,0,accel,10960000,-0.1818554401397705,-0.26799750328063965,9.906335830688477,24.0
447,0,accel,10970000,-0.16271276772022247,-0.26799750328063965,9.887192726135254,24.0
448,0,accel,10980000,-0.1722840964794159,-0.25842615962028503,9.906335830688477,24.0
449,0,accel,10990000,-0.14357008039951324,-0.25842615962028503,9.887192726135254,24.0
450,0,accel,11000000,-0.16271276772022247,-0.25842615962028503,9.8776216506958,24.0
451,0,accel,11010000,-0.1722840964794159,-0.26799750328063965,9.906335830688477,24.0
467,0,accel,11030000,-0.1722840964794159,-0.2775688171386719,9.896764755249023,24.0
468,0,accel,11040000,-0.15314142405986786,-0.25842615962028503,9.906335830688477,24.0
469,0,accel,11050000,-0.1818554401397705,-0.2775688171386719,9.8776216506958,24.0
470,0,accel,11060000,-0.1722840964794159,-0.2967115044593811,9.887192726135254,24.0
471,0,accel,11070000,-0.1722840964794159,-0.2392834722995758,9.906335830688477,24.0
472,0,accel,11080000,-0.1818554401397705,-0.25842615962028503,9.868050575256348,24.0
473,0,accel,11090000,-0.1818554401397705,-0.2871401607990265,9.896764755249023,24.0
474,0,accel,11100000,-0.14357008039951324,-0.2775688171386719,9.896764755249023,24.0
475,0,accel,11110000,-0.1818554401397705,-0.2967115044593811,9.896764755249023,24.0
476,0,accel,11120000,-0.15314142405986786,-0.25842615962028503,9.896764755249023,24.0
495,0,accel,11160000,-0.16271276772022247,-0.2871401607990265,9.868050575256348,24.0
496,0,accel,11170000,-0.16271276772022247,-0.2871401607990265,9.906335830688477,24.0
497,0,accel,11180000,-0.16271276772022247,-0.26799750328063965,9.906335830688477,24.0
498,0,accel,11190000,-0.12442740797996521,-0.2775688171386719,9.906335830688477,24.0
499,0,accel,11200000,-0.14357008039951324,-0.25842615962028503,9.887192726135254,24.0
500,0,accel,11210000,-0.14357008039951324,-0.2775688171386719,9.887192726135254,24.0
501,0,accel,11220000,-0.1722840964794159,-0.2775688171386719,9.868050575256348,24.0
502,0,accel,11230000,-0.16271276772022247,-0.2775688171386719,9.8776216506958,24.0
503,0,accel,11240000,-0.16271276772022247,-0.31585419178009033,9.896764755249023,24.0
504,0,accel,11250000,-0.1818554401397705,-0.25842615962028503,9.896764755249023,24.0
518,0,accel,11260000,-0.1818554401397705,-0.24885481595993042,9.91590690612793,24.0
519,0,accel,11270000,-0.16271276772022247,-0.2871401607990265,9.896764755249023,24.0
520,0,accel,11280000,-0.15314142405986786,-0.2871401607990265,9.896764755249023,24.0
521,0,accel,11290000,-0.16271276772022247,-0.2871401607990265,9.906335830688477,24.0
522,0,accel,11300000,-0.16271276772022247,-0.2775688171386719,9.906335830688477,24.0
523,0,accel,11310000,-0.1722840964794159,-0.2871401607990265,9.906335830688477,24.0
524,0,accel,11320000,-0.1818554401397705,-0.2871401607990265,9.896764755249023,24.0
525,0,accel,11330000,-0.16271276772022247,-0.2775688171386719,9.887192726135254,24.0
541,0,accel,11340000,-0.13399875164031982,-0.26799750328063965,9.896764755249023,24.0
542,0,accel,11350000,-0.13399875164031982,-0.2967115044593811,9.8776216506958,24.0
543,0,accel,11360000,-0.16271276772022247,-0.25842615962028503,9.868050575256348,24.0
544,0,accel,11370000,-0.14357008039951324,-0.26799750328063965,9.896764755249023,24.0
545,0,accel,11380000,-0.13399875164031982,-0.25842615962028503,9.8776216506958,24.0
546,0,accel,11390000,-0.16271276772022247,-0.26799750328063965,9.91590690612793,24.0
547,0,accel,11400000,-0.1818554401397705,-0.26799750328063965,9.8776216506958,24.0
548,0,accel,11410000,-0.16271276772022247,-0.2775688171386719,9.8776216506958,24.0
549,0,accel,11420000,-0.20099811255931854,-0.25842615962028503,9.887192726135254,24.0
550,0,accel,11430000,-0.16271276772022247,-0.2967115044593811,9.906335830688477,24.0
569,0,accel,11480000,-0.13399875164031982,-0.2775688171386719,9.896764755249023,24.0
570,0,accel,11490000,-0.13399875164031982,-0.2775688171386719,9.9254789352417,24.0
571,0,accel,11500000,-0.16271276772022247,-0.2775688171386719,9.887192726135254,24.0
572,0,accel,11510000,-0.13399875164031982,-0.2775688171386719,9.935050010681152,24.0
573,0,accel,11520000,-0.19142678380012512,-0.3062828481197357,9.906335830688477,24.0
574,0,accel,11530000,-0.15314142405986786,-0.25842615962028503,9.887192726135254,24.0
575,0,accel,11540000,-0.16271276772022247,-0.25842615962028503,9.8776216506958,24.0
576,0,accel,11550000,-0.14357008039951324,-0.25842615962028503,9.906335830688477,24.0
577,0,accel,11560000,-0.16271276772022247,-0.2871401607990265,9.8776216506958,24.0
578,0,accel,11570000,-0.16271276772022247,-0.2775688171386719,9.8776216506958,24.0
593,0,accel,11580000,-0.1722840964794159,-0.2967115044593811,9.887192726135254,24.0
594,0,accel,11590000,-0.16271276772022247,-0.2775688171386719,9.91590690612793,24.0
595,0,accel,11600000,-0.14357008039951324,-0.2775688171386719,9.906335830688477,24.0
596,0,accel,11610000,-0.13399875164031982,-0.2775688171386719,9.8776216506958,24.0
597,0,accel,11620000,-0.15314142405986786,-0.2871401607990265,9.91590690612793,24.0
598,0,accel,11630000,-0.1722840964794159,-0.26799750328063965,9.896764755249023,24.0
599,0,accel,11640000,-0.1722840964794159,-0.2871401607990265,9.896764755249023,24.0
600,0,accel,11650000,-0.15314142405986786,-0.2775688171386719,9.8776216506958,24.0
601,0,accel,11660000,-0.15314142405986786,-0.26799750328063965,9.8776216506958,24.0
602,0,accel,11670000,-0.14357008039951324,-0.26799750328063965,9.906335830688477,24.0
617,0,accel,11680000,-0.1722840964794159,-0.26799750328063965,9.91590690612793,24.0
618,0,accel,11690000,-0.1818554401397705,-0.26799750328063965,9.868050575256348,24.0
619,0,accel,11700000,-0.15314142405986786,-0.2871401607990265,9.906335830688477,24.0
620,0,accel,11710000,-0.14357008039951324,-0.2871401607990265,9.887192726135254,24.0
621,0,accel,11720000,-0.16271276772022247,-0.2871401607990265,9.896764755249023,24.0
622,0,accel,11730000,-0.16271276772022247,-0.26799750328063965,9.887192726135254,24.0
623,0,accel,11740000,-0.15314142405986786,-0.2871401607990265,9.887192726135254,24.0
624,0,accel,11750000,-0.14357008039951324,-0.26799750328063965,9.896764755249023,24.0
625,0,accel,11760000,-0.16271276772022247,-0.2775688171386719,9.8776216506958,24.0
626,0,accel,11770000,-0.15314142405986786,-0.25842615962028503,9.896764755249023,24.0
644,0,accel,11810000,-0.15314142405986786,-0.26799750328063965,9.887192726135254,24.0
645,0,accel,11820000,-0.16271276772022247,-0.26799750328063965,9.8776216506958,24.0
646,0,accel,11830000,-0.15314142405986786,-0.2871401607990265,9.896764755249023,24.0
647,0,accel,11840000,-0.14357008039951324,-0.2775688171386719,9.868050575256348,24.0
648,0,accel,11850000,-0.16271276772022247,-0.2775688171386719,9.91590690612793,24.0
649,0,accel,11860000,-0.1818554401397705,-0.2775688171386719,9.906335830688477,24.0
650,0,accel,11870000,-0.19142678380012512,-0.26799750328063965,9.906335830688477,24.0
651,0,accel,11880000,-0.15314142405986786,-0.25842615962028503,9.887192726135254,24.0
652,0,accel,11890000,-0.15314142405986786,-0.2871401607990265,9.896764755249023,24.0
653,0,accel,11900000,-0.1722840964794159,-0.2967115044593811,9.887192726135254,24.0
672,0,accel,11920000,-0.13399875164031982,-0.3062828481197357,9.887192726135254,24.0
673,0,accel,11930000,-0.1722840964794159,-0.2775688171386719,9.8776216506958,24.0
674,0,accel,11940000,-0.19142678380012512,-0.2775688171386719,9.906335830688477,24.0
675,0,accel,11950000,-0.19142678380012512,-0.25842615962028503,9.887192726135254,24.0
676,0,accel,11960000,-0.16271276772022247,-0.24885481595993042,9.906335830688477,24.0
677,0,accel,11970000,-0.14357008039951324,-0.2871401607990265,9.8776216506958,24.0
678,0,accel,11980000,-0.16271276772022247,-0.2775688171386719,9.9254789352417,24.0
679,0,accel,11990000,-0.1818554401397705,-0.2392834722995758,9.887192726135254,24.0
680,0,accel,12000000,-0.14357008039951324,-0.2775688171386719,9.858479499816895,24.0
681,0,accel,12020000,-0.16271276772022247,-0.3062828481197357,9.887192726135254,24.0
696,0,accel,12030000,-0.1818554401397705,-0.24885481595993042,9.887192726135254,24.0
697,0,accel,12040000,-0.16271276772022247,-0.2775688171386719,9.91590690612793,24.0
698,0,accel,12050000,-0.16271276772022247,-0.2775688171386719,9.887192726135254,24.0
699,0,accel,12060000,-0.16271276772022247,-0.26799750328063965,9.887192726135254,24.0
700,0,accel,12070000,-0.15314142405986786,-0.2775688171386719,9.906335830688477,24.0
701,0,accel,12080000,-0.1722840964794159,-0.25842615962028503,9.868050575256348,24.0
702,0,accel,12090000,-0.14357008039951324,-0.2871401607990265,9.896764755249023,24.0
703,0,accel,12100000,-0.16271276772022247,-0.26799750328063965,9.91590690612793,24.0
704,0,accel,12110000,-0.14357008039951324,-0.24885481595993042,9.896764755249023,24.0
705,0,accel,12120000,-0.13399875164031982,-0.26799750328063965,9.8776216506958,24.0
720,0,accel,12140000,-0.14357008039951324,-0.26799750328063965,9.896764755249023,24.0
721,0,accel,12150000,-0.16271276772022247,-0.2967115044593811,9.896764755249023,24.0
722,0,accel,12160000,-0.15314142405986786,-0.2967115044593811,9.896764755249023,24.0
723,0,accel,12170000,-0.1818554401397705,-0.25842615962028503,9.858479499816895,24.0
724,0,accel,12180000,-0.16271276772022247,-0.24885481595993042,9.868050575256348,24.0
725,0,accel,12190000,-0.1818554401397705,-0.24885481595993042,9.906335830688477,24.0
726,0,accel,12200000,-0.1818554401397705,-0.24885481595993042,9.887192726135254,24.0
727,0,accel,12210000,-0.1818554401397705,-0.2392834722995758,9.858479499816895,24.0
728,0,accel,12220000,-0.14357008039951324,-0.26799750328063965,9.935050010681152,24.0
729,0,accel,12230000,-0.12442740797996521,-0.25842615962028503,9.906335830688477,24.0
749,0,accel,12270000,-0.12442740797996521,-0.32542553544044495,9.887192726135254,24.0
750,0,accel,12280000,-0.13399875164031982,-0.3062828481197357,9.887192726135254,24.0
751,0,accel,12290000,-0.15314142405986786,-0.26799750328063965,9.868050575256348,24.0
752,0,accel,12300000,-0.19142678380012512,-0.25842615962028503,9.887192726135254,24.0
753,0,accel,12310000,-0.19142678380012512,-0.25842615962028503,9.887192726135254,24.0
754,0,accel,12320000,-0.1722840964794159,-0.26799750328063965,9.868050575256348,24.0
755,0,accel,12330000,-0.15314142405986786,-0.26799750328063965,9.8776216506958,24.0
756,0,accel,12340000,-0.12442740797996521,-0.24885481595993042,9.868050575256348,24.0
757,0,accel,12350000,-0.13399875164031982,-0.2775688171386719,9.91590690612793,24.0
758,0,accel,12360000,-0.14357008039951324,-0.26799750328063965,9.9254789352417,24.0
775,0,accel,12380000,-0.15314142405986786,-0.2871401607990265,9.887192726135254,24.0
776,0,accel,12390000,-0.15314142405986786,-0.2967115044593811,9.9254789352417,24.0
777,0,accel,12400000,-0.14357008039951324,-0.31585419178009033,9.896764755249023,24.0
778,0,accel,12410000,-0.13399875164031982,-0.26799750328063965,9.9254789352417,24.0
779,0,accel,12420000,-0.15314142405986786,-0.26799750328063965,9.868050575256348,24.0
780,0,accel,12430000,-0.15314142405986786,-0.25842615962028503,9.906335830688477,24.0
781,0,accel,12440000,-0.1722840964794159,-0.2967115044593811,9.935050010681152,24.0
782,0,accel,12450000,-0.1818554401397705,-0.26799750328063965,9.868050575256348,24.0
783,0,accel,12460000,-0.1722840964794159,-0.24885481595993042,9.887192726135254,24.0
784,0,accel,12470000,-0.1818554401397705,-0.25842615962028503,9.887192726135254,24.0
798,0,accel,12490000,-0.16271276772022247,-0.2775688171386719,9.91590690612793,24.0
799,0,accel,12500000,-0.1722840964794159,-0.25842615962028503,9.8776216506958,24.0
800,0,accel,12510000,-0.1818554401397705,-0.26799750328063965,9.896764755249023,24.0
801,0,accel,12520000,-0.1818554401397705,-0.2775688171386719,9.858479499816895,24.0
802,0,accel,12530000,-0.15314142405986786,-0.2775688171386719,9.8776216506958,24.0
803,0,accel,12550000,-0.13399875164031982,-0.2775688171386719,9.896764755249023,24.0
804,0,accel,12560000,-0.13399875164031982,-0.2775688171386719,9.887192726135254,24.0
805,0,accel,12570000,-0.15314142405986786,-0.2775688171386719,9.896764755249023,24.0
806,0,accel,12580000,-0.14357008039951324,-0.2967115044593811,9.896764755249023,24.0
807,0,accel,12590000,-0.16271276772022247,-0.26799750328063965,9.887192726135254,24.0
828,0,accel,12630000,-0.1818554401397705,-0.26799750328063965,9.887192726135254,24.0
829,0,accel,12640000,-0.16271276772022247,-0.2967115044593811,9.906335830688477,24.0
830,0,accel,12650000,-0.15314142405986786,-0.2871401607990265,9.858479499816895,24.0
831,0,accel,12660000,-0.19142678380012512,-0.24885481595993042,9.896764755249023,24.0
832,0,accel,12670000,-0.1818554401397705,-0.2967115044593811,9.963764190673828,24.0
833,0,accel,12680000,-0.14357008039951324,-0.24885481595993042,9.801051139831543,24.0
834,0,accel,12690000,-0.14357008039951324,-0.2871401607990265,9.91590690612793,24.0
835,0,accel,12700000,-0.15314142405986786,-0.24885481595993042,9.906335830688477,24.0
836,0,accel,12710000,-0.14357008039951324,-0.26799750328063965,9.868050575256348,24.0
837,0,accel,12720000,-0.1722840964794159,-0.2775688171386719,9.887192726135254,24.0
852,0,accel,12730000,-0.14357008039951324,-0.25842615962028503,9.887192726135254,24.0
853,0,accel,12740000,-0.1722840964794159,-0.2871401607990265,9.8776216506958,24.0
854,0,accel,12750000,-0.16271276772022247,-0.3062828481197357,9.91590690612793,24.0
855,0,accel,12760000,-0.19142678380012512,-0.2871401607990265,9.858479499816895,24.0
856,0,accel,12770000,-0.16271276772022247,-0.25842615962028503,9.8776216506958,24.0
857,0,accel,12780000,-0.20099811255931854,-0.24885481595993042,9.887192726135254,24.0
858,0,accel,12790000,-0.1818554401397705,-0.25842615962028503,9.858479499816895,24.0
859,0,accel,12800000,-0.1818554401397705,-0.2392834722995758,9.896764755249023,24.0
860,0,accel,12810000,-0.16271276772022247,-0.2967115044593811,9.868050575256348,24.0
861,0,accel,12820000,-0.16271276772022247,-0.2775688171386719,9.896764755249023,24.0
881,0,accel,12860000,-0.14357008039951324,-0.2392834722995758,9.8776216506958,24.0
882,0,accel,12870000,-0.1722840964794159,-0.2967115044593811,9.887192726135254,24.0
883,0,accel,12880000,-0.22014079988002777,-0.26799750328063965,9.896764755249023,24.0
884,0,accel,12890000,-0.1722840964794159,-0.25842615962028503,9.8776216506958,24.0
885,0,accel,12900000,-0.1818554401397705,-0.2871401607990265,9.906335830688477,24.0
886,0,accel,12910000,-0.19142678380012512,-0.2775688171386719,9.91590690612793,24.0
887,0,accel,12920000,-0.1722840964794159,-0.26799750328063965,9.887192726135254,24.0
888,0,accel,12930000,-0.1722840964794159,-0.26799750328063965,9.896764755249023,24.0
889,0,accel,12940000,-0.15314142405986786,-0.25842615962028503,9.887192726135254,24.0
890,0,accel,12950000,-0.13399875164031982,-0.2871401607990265,9.8776216506958,24.0
905,0,accel,12960000,-0.15314142405986786,-0.25842615962028503,9.8776216506958,24.0
906,0,accel,12970000,-0.14357008039951324,-0.2967115044593811,9.887192726135254,24.0
907,0,accel,12980000,-0.15314142405986786,-0.25842615962028503,9.887192726135254,24.0
908,0,accel,12990000,-0.15314142405986786,-0.24885481595993042,9.8776216506958,24.0
909,0,accel,13000000,-0.16271276772022247,-0.2871401607990265,9.868050575256348,24.0
910,0,accel,13010000,-0.20099811255931854,-0.26799750328063965,9.906335830688477,24.0
911,0,accel,13020000,-0.1818554401397705,-0.26799750328063965,9.896764755249023,24.0
912,0,accel,13030000,-0.16271276772022247,-0.25842615962028503,9.91590690612793,24.0
913,0,accel,13040000,-0.1722840964794159,-0.25842615962028503,9.91590690612793,24.0
914,0,accel,13050000,-0.13399875164031982,-0.2775688171386719,9.868050575256348,24.0
933,0,accel,13090000,-0.12442740797996521,-0.25842615962028503,9.906335830688477,24.0
934,0,accel,13100000,-0.13399875164031982,-0.25842615962028503,9.896764755249023,24.0
935,0,accel,13110000,-0.16271276772022247,-0.24885481595993042,9.896764755249023,24.0
936,0,accel,13120000,-0.1818554401397705,-0.2775688171386719,9.896764755249023,24.0
937,0,accel,13130000,-0.20099811255931854,-0.26799750328063965,9.91590690612793,24.0
938,0,accel,13140000,-0.1818554401397705,-0.3062828481197357,9.8776216506958,24.0
939,0,accel,13150000,-0.1722840964794159,-0.2775688171386719,9.887192726135254,24.0
940,0,accel,13160000,-0.14357008039951324,-0.2871401607990265,9.906335830688477,24.0
941,0,accel,13170000,-0.19142678380012512,-0.2775688171386719,9.91590690612793,24.0
942,0,accel,13180000,-0.1818554401397705,-0.2967115044593811,9.887192726135254,24.0
958,0,accel,13220000,-0.15314142405986786,-0.2775688171386719,9.887192726135254,24.0
959,0,accel,13230000,-0.1722840964794159,-0.26799750328063965,9.8776216506958,24.0
960,0,accel,13240000,-0.1722840964794159,-0.24885481595993042,9.896764755249023,24.0
961,0,accel,13250000,-0.21056945621967316,-0.25842615962028503,9.8776216506958,24.0
962,0,accel,13260000,-0.1818554401397705,-0.26799750328063965,9.8776216506958,24.0
963,0,accel,13270000,-0.1722840964794159,-0.25842615962028503,9.8776216506958,24.0
964,0,accel,13280000,-0.1722840964794159,-0.2967115044593811,9.858479499816895,24.0
965,0,accel,13290000,-0.1818554401397705,-0.3062828481197357,9.848907470703125,24.0
966,0,accel,13300000,-0.1818554401397705,-0.26799750328063965,9.839336395263672,24.0
967,0,accel,13310000,-0.16271276772022247,-0.3062828481197357,9.858479499816895,24.0
986,0,accel,13320000,-0.19142678380012512,-0.3062828481197357,9.848907470703125,24.0
987,0,accel,13330000,-0.16271276772022247,-0.26799750328063965,9.839336395263672,24.0
988,0,accel,13340000,-0.16271276772022247,-0.2871401607990265,9.887192726135254,24.0
989,0,accel,13350000,-0.16271276772022247,-0.26799750328063965,9.887192726135254,24.0
990,0,accel,13360000,-0.16271276772022247,-0.25842615962028503,9.887192726135254,24.0
991,0,accel,13370000,-0.1818554401397705,-0.24885481595993042,9.896764755249023,24.0
992,0,accel,13380000,-0.15314142405986786,-0.2871401607990265,9.8776216506958,24.0
993,0,accel,13390000,-0.14357008039951324,-0.26799750328063965,9.896764755249023,24.0
994,0,accel,13400000,-0.15314142405986786,-0.26799750328063965,9.8776216506958,24.0
995,0,accel,13410000,-0.1722840964794159,-0.25842615962028503,9.896764755249023,24.0
1013,0,accel,13450000,-0.1818554401397705,-0.2871401607990265,9.896764755249023,24.0
1014,0,accel,13460000,-0.16271276772022247,-0.2871401607990265,9.868050575256348,24.0
1015,0,accel,13470000,-0.1722840964794159,-0.26799750328063965,9.906335830688477,24.0
1016,0,accel,13480000,-0.13399875164031982,-0.2775688171386719,9.896764755249023,24.0
1017,0,accel,13490000,-0.10528472810983658,-0.24885481595993042,9.8776216506958,24.0
1018,0,accel,13500000,-0.12442740797996521,-0.2775688171386719,9.868050575256348,24.0
1019,0,accel,13510000,-0.1148560643196106,-0.2871401607990265,9.8776216506958,24.0
1020,0,accel,13520000,-0.16271276772022247,-0.25842615962028503,9.9254789352417,24.0
1021,0,accel,13530000,-0.14357008039951324,-0.2392834722995758,9.9254789352417,24.0
1022,0,accel,13540000,-0.1818554401397705,-0.2871401607990265,9.935050010681152,24.0
1037,0,accel,13550000,-0.14357008039951324,-0.25842615962028503,9.9254789352417,24.0
1038,0,accel,13560000,-0.12442740797996521,-0.2775688171386719,9.935050010681152,24.0
1039,0,accel,13570000,-0.12442740797996521,-0.25842615962028503,9.9254789352417,24.0
1040,0,accel,13580000,-0.14357008039951324,-0.2967115044593811,9.935050010681152,24.0
1041,0,accel,13590000,-0.12442740797996521,-0.25842615962028503,9.944621086120605,24.0
1042,0,accel,13600000,-0.1722840964794159,-0.3062828481197357,9.954192161560059,24.0
1043,0,accel,13620000,-0.1722840964794159,-0.2871401607990265,9.9254789352417,24.0
1044,0,accel,13630000,-0.1722840964794159,-0.25842615962028503,9.906335830688477,24.0
1045,0,accel,13640000,-0.14357008039951324,-0.24885481595993042,9.887192726135254,24.0
1046,0,accel,13650000,-0.15314142405986786,-0.2967115044593811,9.896764755249023,24.0
1061,0,accel,13670000,-0.15314142405986786,-0.26799750328063965,9.8776216506958,24.0
1062,0,accel,13680000,-0.16271276772022247,-0.2775688171386719,9.887192726135254,24.0
1063,0,accel,13690000,-0.15314142405986786,-0.3062828481197357,9.887192726135254,24.0
1064,0,accel,13700000,-0.1722840964794159,-0.26799750328063965,9.896764755249023,24.0
1065,0,accel,13710000,-0.14357008039951324,-0.24885481595993042,9.896764755249023,24.0
1066,0,accel,13720000,-0.15314142405986786,-0.2775688171386719,9.8776216506958,24.0
1067,0,accel,13730000,-0.13399875164031982,-0.26799750328063965,9.9254789352417,24.0
1068,0,accel,13740000,-0.14357008039951324,-0.2967115044593811,9.896764755249023,24.0
1069,0,accel,13750000,-0.1818554401397705,-0.24885481595993042,9.8776216506958,24.0
1070,0,accel,13760000,-0.1818554401397705,-0.26799750328063965,9.906335830688477,24.0
1086,0,accel,13770000,-0.14357008039951324,-0.2775688171386719,9.91590690612793,24.0
1087,0,accel,13780000,-0.16271276772022247,-0.2775688171386719,9.887192726135254,24.0
1088,0,accel,13790000,-0.15314142405986786,-0.26799750328063965,9.906335830688477,24.0
1089,0,accel,13800000,-0.16271276772022247,-0.2775688171386719,9.858479499816895,24.0
1090,0,accel,13810000,-0.15314142405986786,-0.24885481595993042,9.9254789352417,24.0
1091,0,accel,13820000,-0.16271276772022247,-0.2871401607990265,9.896764755249023,24.0
1092,0,accel,13830000,-0.15314142405986786,-0.25842615962028503,9.858479499816895,24.0
1093,0,accel,13840000,-0.21056945621967316,-0.26799750328063965,9.906335830688477,24.0
1094,0,accel,13850000,-0.19142678380012512,-0.25842615962028503,9.8776216506958,24.0
1113,0,accel,13880000,-0.1818554401397705,-0.2871401607990265,9.8776216506958,24.0
1114,0,accel,13890000,-0.20099811255931854,-0.3062828481197357,9.896764755249023,24.0
1115,0,accel,13900000,-0.16271276772022247,-0.2775688171386719,9.906335830688477,24.0
1116,0,accel,13910000,-0.14357008039951324,-0.26799750328063965,9.906335830688477,24.0
1117,0,accel,13920000,-0.13399875164031982,-0.2967115044593811,9.896764755249023,24.0
1118,0,accel,13930000,-0.12442740797996521,-0.2775688171386719,9.896764755249023,24.0
1119,0,accel,13940000,-0.1722840964794159,-0.26799750328063965,9.906335830688477,24.0
1120,0,accel,13950000,-0.19142678380012512,-0.2871401607990265,9.896764755249023,24.0
1121,0,accel,13960000,-0.1818554401397705,-0.25842615962028503,9.91590690612793,24.0
1122,0,accel,13970000,-0.1818554401397705,-0.26799750328063965,9.839336395263672,24.0
1137,0,accel,13990000,-0.16271276772022247,-0.26799750328063965,9.868050575256348,24.0
1138,0,accel,14000000,-0.13399875164031982,-0.3062828481197357,9.896764755249023,24.0
1139,0,accel,14010000,-0.16271276772022247,-0.2775688171386719,9.9254789352417,24.0
1140,0,accel,14020000,-0.16271276772022247,-0.26799750328063965,9.868050575256348,24.0
1141,0,accel,14030000,-0.14357008039951324,-0.31585419178009033,9.8776216506958,24.0
1142,0,accel,14040000,-0.19142678380012512,-0.2871401607990265,9.906335830688477,24.0
1143,0,accel,14050000,-0.19142678380012512,-0.2775688171386719,9.858479499816895,24.0
1144,0,accel,14060000,-0.13399875164031982,-0.2871401607990265,9.858479499816895,24.0
1145,0,accel,14070000,-0.15314142405986786,-0.25842615962028503,9.868050575256348,24.0
1146,0,accel,14080000,-0.16271276772022247,-0.2775688171386719,9.887192726135254,24.0
1164,0,accel,14100000,-0.1722840964794159,-0.24885481595993042,9.868050575256348,24.0
1165,0,accel,14110000,-0.16271276772022247,-0.24885481595993042,9.8776216506958,24.0
1166,0,accel,14120000,-0.15314142405986786,-0.2392834722995758,9.868050575256348,24.0
1167,0,accel,14130000,-0.15314142405986786,-0.2871401607990265,9.896764755249023,24.0
1168,0,accel,14150000,-0.15314142405986786,-0.26799750328063965,9.91590690612793,24.0
1169,0,accel,14160000,-0.20099811255931854,-0.3062828481197357,9.91590690612793,24.0
1170,0,accel,14170000,-0.1722840964794159,-0.25842615962028503,9.91590690612793,24.0
1171,0,accel,14180000,-0.14357008039951324,-0.2775688171386719,9.868050575256348,24.0
1172,0,accel,14190000,-0.14357008039951324,-0.2871401607990265,9.906335830688477,24.0
1173,0,accel,14200000,-0.15314142405986786,-0.2967115044593811,9.887192726135254,24.0
1190,0,accel,14230000,-0.13399875164031982,-0.2871401607990265,9.896764755249023,24.0
1191,0,accel,14240000,-0.16271276772022247,-0.2967115044593811,9.896764755249023,24.0
1192,0,accel,14250000,-0.1722840964794159,-0.25842615962028503,9.887192726135254,24.0
1193,0,accel,14260000,-0.1818554401397705,-0.26799750328063965,9.896764755249023,24.0
1194,0,accel,14270000,-0.1818554401397705,-0.2775688171386719,9.896764755249023,24.0
1195,0,accel,14280000,-0.1818554401397705,-0.24885481595993042,9.887192726135254,24.0
1196,0,accel,14290000,-0.20099811255931854,-0.24885481595993042,9.896764755249023,24.0
1197,0,accel,14300000,-0.21056945621967316,-0.25842615962028503,9.8776216506958,24.0
1198,0,accel,14310000,-0.16271276772022247,-0.26799750328063965,9.887192726135254,24.0
1199,0,accel,14320000,-0.1722840964794159,-0.2871401607990265,9.896764755249023,24.0
1215,0,accel,14340000,-0.1722840964794159,-0.2775688171386719,9.820194244384766,24.0
1216,0,accel,14350000,-0.1722840964794159,-0.2871401607990265,9.810622215270996,24.0
1217,0,accel,14360000,-0.14357008039951324,-0.24885481595993042,9.858479499816895,24.0
1218,0,accel,14370000,-0.15314142405986786,-0.26799750328063965,9.839336395263672,24.0
1219,0,accel,14380000,-0.13399875164031982,-0.25842615962028503,9.848907470703125,24.0
1220,0,accel,14390000,-0.16271276772022247,-0.24885481595993042,9.868050575256348,24.0
1221,0,accel,14400000,-0.14357008039951324,-0.26799750328063965,9.868050575256348,24.0
1222,0,accel,14410000,-0.1148560643196106,-0.2871401607990265,9.8776216506958,24.0
1223,0,accel,14420000,-0.12442740797996521,-0.2967115044593811,9.868050575256348,24.0
1224,0,accel,14430000,-0.13399875164031982,-0.2775688171386719,9.8776216506958,24.0
1238,0,accel,14440000,-0.15314142405986786,-0.2775688171386719,9.8776216506958,24.0
1239,0,accel,14450000,-0.15314142405986786,-0.26799750328063965,9.896764755249023,24.0
1240,0,accel,14460000,-0.16271276772022247,-0.2871401607990265,9.896764755249023,24.0
1241,0,accel,14470000,-0.16271276772022247,-0.24885481595993042,9.906335830688477,24.0
1242,0,accel,14480000,-0.16271276772022247,-0.2775688171386719,9.8776216506958,24.0
1243,0,accel,14490000,-0.14357008039951324,-0.2967115044593811,9.91590690612793,24.0
1244,0,accel,14500000,-0.16271276772022247,-0.26799750328063965,9.935050010681152,24.0
1245,0,accel,14510000,-0.13399875164031982,-0.3062828481197357,9.858479499816895,24.0
1259,0,accel,14520000,-0.15314142405986786,-0.3062828481197357,9.896764755249023,24.0
1260,0,accel,14530000,-0.13399875164031982,-0.24885481595993042,9.9254789352417,24.0
1261,0,accel,14540000,-0.1818554401397705,-0.2871401607990265,9.887192726135254,24.0
1262,0,accel,14550000,-0.1818554401397705,-0.26799750328063965,9.91590690612793,24.0
1263,0,accel,14560000,-0.19142678380012512,-0.2775688171386719,9.868050575256348,24.0
1264,0,accel,14570000,-0.1722840964794159,-0.26799750328063965,9.8776216506958,24.0
1265,0,accel,14580000,-0.19142678380012512,-0.2775688171386719,9.896764755249023,24.0
1266,0,accel,14590000,-0.20099811255931854,-0.2967115044593811,9.887192726135254,24.0
1267,0,accel,14600000,-0.15314142405986786,-0.3062828481197357,9.8776216506958,24.0
1268,0,accel,14610000,-0.1818554401397705,-0.3062828481197357,9.839336395263672,24.0
1285,0,accel,14640000,-0.15314142405986786,-0.24885481595993042,9.820194244384766,24.0
1286,0,accel,14650000,-0.1148560643196106,-0.24885481595993042,9.810622215270996,24.0
1287,0,accel,14660000,-0.16271276772022247,-0.26799750328063965,9.820194244384766,24.0
1288,0,accel,14680000,-0.13399875164031982,-0.2775688171386719,9.801051139831543,24.0
1289,0,accel,14690000,-0.1722840964794159,-0.2967115044593811,9.868050575256348,24.0
1290,0,accel,14700000,-0.14357008039951324,-0.2871401607990265,9.829765319824219,24.0
1291,0,accel,14710000,-0.15314142405986786,-0.25842615962028503,9.820194244384766,24.0
1292,0,accel,14720000,-0.13399875164031982,-0.26799750328063965,9.896764755249023,24.0
1293,0,accel,14730000,-0.1722840964794159,-0.24885481595993042,9.848907470703125,24.0
1294,0,accel,14740000,-0.15314142405986786,-0.2297121286392212,9.858479499816895,24.0
1310,0,accel,14750000,-0.1818554401397705,-0.25842615962028503,9.887192726135254,24.0
1311,0,accel,14760000,-0.19142678380012512,-0.2297121286392212,9.887192726135254,24.0
1312,0,accel,14770000,-0.1818554401397705,-0.24885481595993042,9.954192161560059,24.0
1313,0,accel,14780000,-0.1818554401397705,-0.2775688171386719,9.887192726135254,24.0
1314,0,accel,14790000,-0.1722840964794159,-0.26799750328063965,9.896764755249023,24.0
1315,0,accel,14800000,-0.14357008039951324,-0.2775688171386719,9.906335830688477,24.0
1316,0,accel,14810000,-0.1722840964794159,-0.26799750328063965,9.887192726135254,24.0
1317,0,accel,14820000,-0.1722840964794159,-0.2967115044593811,9.8776216506958,24.0
1318,0,accel,14830000,-0.15314142405986786,-0.2871401607990265,9.896764755249023,24.0
1319,0,accel,14840000,-0.14357008039951324,-0.25842615962028503,9.858479499816895,24.0
1338,0,accel,14880000,-0.15314142405986786,-0.26799750328063965,9.906335830688477,24.0
1339,0,accel,14890000,-0.1722840964794159,-0.2775688171386719,9.896764755249023,24.0
1340,0,accel,14900000,-0.14357008039951324,-0.26799750328063965,9.8776216506958,24.0
1341,0,accel,14910000,-0.14357008039951324,-0.2967115044593811,9.896764755249023,24.0
1342,0,accel,14920000,-0.1722840964794159,-0.26799750328063965,9.896764755249023,24.0
1343,0,accel,14930000,-0.1818554401397705,-0.2775688171386719,9.887192726135254,24.0
1344,0,accel,14940000,-0.1722840964794159,-0.2775688171386719,9.8776216506958,24.0
1345,0,accel,14950000,-0.16271276772022247,-0.26799750328063965,9.887192726135254,24.0
1346,0,accel,14960000,-0.1722840964794159,-0.25842615962028503,9.9254789352417,24.0
1347,0,accel,14970000,-0.13399875164031982,-0.2775688171386719,9.887192726135254,24.0
1363,0,accel,14990000,-0.16271276772022247,-0.26799750328063965,9.896764755249023,24.0
1364,0,accel,15000000,-0.14357008039951324,-0.2775688171386719,9.906335830688477,24.0
1365,0,accel,15010000,-0.1722840964794159,-0.2871401607990265,9.8776216506958,24.0
1366,0,accel,15020000,-0.19142678380012512,-0.24885481595993042,9.896764755249023,24.0
1367,0,accel,15030000,-0.19142678380012512,-0.2967115044593811,9.896764755249023,24.0
1368,0,accel,15040000,-0.14357008039951324,-0.2775688171386719,9.896764755249023,24.0
1369,0,accel,15050000,-0.15314142405986786,-0.2775688171386719,9.896764755249023,24.0
1370,0,accel,15060000,-0.1818554401397705,-0.26799750328063965,9.868050575256348,24.0
1371,0,accel,15070000,-0.14357008039951324,-0.2775688171386719,9.91590690612793,24.0
1372,0,accel,15080000,-0.12442740797996521,-0.2775688171386719,9.906335830688477,24.0
1390,0,accel,15100000,-0.16271276772022247,-0.25842615962028503,9.8776216506958,24.0
1391,0,accel,15110000,-0.15314142405986786,-0.2967115044593811,9.906335830688477,24.0
1392,0,accel,15120000,-0.12442740797996521,-0.25842615962028503,9.8776216506958,24.0
1393,0,accel,15130000,-0.1722840964794159,-0.2775688171386719,9.8776216506958,24.0
1394,0,accel,15140000,-0.1818554401397705,-0.2775688171386719,9.887192726135254,24.0
1395,0,accel,15150000,-0.16271276772022247,-0.2871401607990265,9.9254789352417,24.0
1396,0,accel,15160000,-0.19142678380012512,-0.25842615962028503,9.91590690612793,24.0
1397,0,accel,15170000,-0.1818554401397705,-0.24885481595993042,9.887192726135254,24.0
1398,0,accel,15180000,-0.1818554401397705,-0.2775688171386719,9.8776216506958,24.0
1399,0,accel,15190000,-0.15314142405986786,-0.26799750328063965,9.906335830688477,24.0
1415,0,accel,15200000,-0.16271276772022247,-0.24885481595993042,9.906335830688477,24.0
1416,0,accel,15220000,-0.16271276772022247,-0.2775688171386719,9.896764755249023,24.0
1417,0,accel,15230000,-0.1818554401397705,-0.3062828481197357,9.8776216506958,24.0
1418,0,accel,15240000,-0.16271276772022247,-0.2775688171386719,9.8776216506958,24.0
1419,0,accel,15250000,-0.1818554401397705,-0.26799750328063965,9.906335830688477,24.0
1420,0,accel,15260000,-0.1818554401397705,-0.3062828481197357,9.8776216506958,24.0
1421,0,accel,15270000,-0.20099811255931854,-0.25842615962028503,9.896764755249023,24.0
1422,0,accel,15280000,-0.1818554401397705,-0.2392834722995758,9.887192726135254,24.0
1423,0,accel,15290000,-0.16271276772022247,-0.24885481595993042,9.906335830688477,24.0
1424,0,accel,15300000,-0.16271276772022247,-0.25842615962028503,9.896764755249023,24.0
1438,0,accel,15310000,-0.14357008039951324,-0.2775688171386719,9.896764755249023,24.0
1439,0,accel,15320000,-0.13399875164031982,-0.2775688171386719,9.8776216506958,24.0
1440,0,accel,15330000,-0.1148560643196106,-0.2871401607990265,9.887192726135254,24.0
1441,0,accel,15340000,-0.14357008039951324,-0.2967115044593811,9.906335830688477,24.0
1442,0,accel,15350000,-0.1722840964794159,-0.3062828481197357,9.896764755249023,24.0
1443,0,accel,15360000,-0.22014079988002777,-0.2967115044593811,9.858479499816895,24.0
1444,0,accel,15370000,-0.2297121286392212,-0.3062828481197357,9.887192726135254,24.0
1445,0,accel,15380000,-0.21056945621967316,-0.25842615962028503,9.839336395263672,24.0
1446,0,accel,15390000,-0.1722840964794159,-0.2392834722995758,9.896764755249023,24.0
1447,0,accel,15400000,-0.1148560643196106,-0.24885481595993042,9.935050010681152,24.0
1464,0,accel,15410000,-0.16271276772022247,-0.2871401607990265,9.887192726135254,24.0
1465,0,accel,15420000,-0.16271276772022247,-0.2775688171386719,9.935050010681152,24.0
1466,0,accel,15430000,-0.14357008039951324,-0.3062828481197357,9.858479499816895,24.0
1467,0,accel,15440000,-0.14357008039951324,-0.3541395366191864,9.820194244384766,24.0
1468,0,accel,15450000,-0.22014079988002777,-0.31585419178009033,9.992478370666504,24.0
1469,0,accel,15460000,-0.1722840964794159,-0.26799750328063965,9.78190803527832,24.0
1470,0,accel,15470000,-0.16271276772022247,-0.26799750328063965,9.9254789352417,24.0
1471,0,accel,15480000,-0.13399875164031982,-0.2392834722995758,9.79148006439209,24.0
1472,0,accel,15490000,-0.16271276772022247,-0.2392834722995758,9.79148006439209,24.0
1491,0,accel,15520000,-0.1148560643196106,-0.26799750328063965,9.820194244384766,24.0
1492,0,accel,15530000,-0.13399875164031982,-0.2297121286392212,9.973335266113281,24.0
1493,0,accel,15540000,-0.13399875164031982,-0.24885481595993042,9.734051704406738,24.0
1494,0,accel,15550000,-0.14357008039951324,-0.2967115044593811,9.858479499816895,24.0
1495,0,accel,15560000,-0.2392834722995758,-0.3062828481197357,9.91590690612793,24.0
1496,0,accel,15570000,-0.24885481595993042,-0.33499687910079956,9.79148006439209,24.0
1497,0,accel,15580000,-0.25842615962028503,-0.32542553544044495,9.896764755249023,24.0
1498,0,accel,15590000,-0.21056945621967316,-0.3062828481197357,9.839336395263672,24.0
1499,0,accel,15600000,-0.16271276772022247,-0.26799750328063965,9.896764755249023,24.0
1500,0,accel,15610000,-0.10528472810983658,-0.25842615962028503,9.935050010681152,24.0
1516,0,accel,15630000,-0.12442740797996521,-0.31585419178009033,9.906335830688477,24.0
1517,0,accel,15640000,-0.15314142405986786,-0.31585419178009033,9.896764755249023,24.0
1518,0,accel,15650000,-0.14357008039951324,-0.2775688171386719,9.858479499816895,24.0
1519,0,accel,15660000,-0.16271276772022247,-0.2967115044593811,9.896764755249023,24.0
1520,0,accel,15670000,-0.15314142405986786,-0.24885481595993042,9.887192726135254,24.0
1521,0,accel,15680000,-0.1722840964794159,-0.2297121286392212,9.896764755249023,24.0
1522,0,accel,15690000,-0.2297121286392212,-0.25842615962028503,9.906335830688477,24.0
1523,0,accel,15700000,-0.21056945621967316,-0.2392834722995758,9.868050575256348,24.0
1524,0,accel,15710000,-0.2297121286392212,-0.25842615962028503,9.906335830688477,24.0
1525,0,accel,15720000,-0.1722840964794159,-0.24885481595993042,9.91590690612793,24.0
1543,0,accel,15760000,-0.09571339190006256,-0.2775688171386719,9.820194244384766,24.0
1544,0,accel,15770000,-0.10528472810983658,-0.25842615962028503,9.839336395263672,24.0
1545,0,accel,15780000,-0.1148560643196106,-0.26799750328063965,9.8776216506958,24.0
1546,0,accel,15790000,-0.16271276772022247,-0.2871401607990265,9.8776216506958,24.0
1547,0,accel,15800000,-0.22014079988002777,-0.2871401607990265,9.887192726135254,24.0
1548,0,accel,15810000,-0.22014079988002777,-0.2775688171386719,9.896764755249023,24.0
1549,0,accel,15820000,-0.2392834722995758,-0.2967115044593811,9.8776216506958,24.0
1550,0,accel,15830000,-0.21056945621967316,-0.2775688171386719,9.887192726135254,24.0
1551,0,accel,15840000,-0.16271276772022247,-0.2775688171386719,9.906335830688477,24.0
1552,0,accel,15850000,-0.14357008039951324,-0.2871401607990265,9.906335830688477,24.0
1567,0,accel,15860000,-0.1148560643196106,-0.26799750328063965,9.935050010681152,24.0
1568,0,accel,15870000,-0.10528472810983658,-0.26799750328063965,9.91590690612793,24.0
1569,0,accel,15880000,-0.12442740797996521,-0.25842615962028503,9.896764755249023,24.0
1570,0,accel,15890000,-0.1148560643196106,-0.2297121286392212,9.906335830688477,24.0
1571,0,accel,15900000,-0.12442740797996521,-0.21056945621967316,9.887192726135254,24.0
1572,0,accel,15910000,-0.10528472810983658,-0.21056945621967316,9.868050575256348,24.0
1573,0,accel,15920000,-0.16271276772022247,-0.21056945621967316,9.91590690612793,24.0
1574,0,accel,15930000,-0.2392834722995758,-0.24885481595993042,9.896764755249023,24.0
1575,0,accel,15940000,-0.21056945621967316,-0.2871401607990265,9.896764755249023,24.0
1576,0,accel,15950000,-0.22014079988002777,-0.26799750328063965,9.896764755249023,24.0
1595,0,accel,15980000,-0.13399875164031982,-0.2967115044593811,9.887192726135254,24.0
1596,0,accel,15990000,-0.14357008039951324,-0.3062828481197357,9.896764755249023,24.0
1597,0,accel,16000000,-0.13399875164031982,-0.2967115044593811,9.896764755249023,24.0
1598,0,accel,16010000,-0.10528472810983658,-0.2775688171386719,9.868050575256348,24.0
1599,0,accel,16020000,-0.12442740797996521,-0.2392834722995758,9.896764755249023,24.0
1600,0,accel,16030000,-0.15314142405986786,-0.25842615962028503,9.8776216506958,24.0
1601,0,accel,16040000,-0.20099811255931854,-0.24885481595993042,9.896764755249023,24.0
1602,0,accel,16050000,-0.1722840964794159,-0.2392834722995758,9.91590690612793,24.0
1603,0,accel,16060000,-0.19142678380012512,-0.26799750328063965,9.896764755249023,24.0
1604,0,accel,16070000,-0.21056945621967316,-0.2775688171386719,9.887192726135254,24.0
1620,0,accel,16100000,-0.14357008039951324,-0.24885481595993042,9.8776216506958,24.0
1621,0,accel,16110000,-0.14357008039951324,-0.24885481595993042,9.896764755249023,24.0
1622,0,accel,16120000,-0.13399875164031982,-0.26799750328063965,9.896764755249023,24.0
1623,0,accel,16130000,-0.14357008039951324,-0.2392834722995758,9.858479499816895,24.0
1624,0,accel,16140000,-0.1722840964794159,-0.2775688171386719,9.91590690612793,24.0
1625,0,accel,16150000,-0.1818554401397705,-0.2967115044593811,9.896764755249023,24.0
1626,0,accel,16160000,-0.21056945621967316,-0.25842615962028503,9.906335830688477,24.0
1627,0,accel,16170000,-0.22014079988002777,-0.2967115044593811,9.8776216506958,24.0
1628,0,accel,16180000,-0.16271276772022247,-0.2775688171386719,9.896764755249023,24.0
1629,0,accel,16190000,-0.13399875164031982,-0.2775688171386719,9.858479499816895,24.0
1645,0,accel,16220000,-0.13399875164031982,-0.2967115044593811,9.896764755249023,24.0
1646,0,accel,16230000,-0.12442740797996521,-0.26799750328063965,9.887192726135254,24.0
1647,0,accel,16240000,-0.13399875164031982,-0.2775688171386719,9.896764755249023,24.0
1648,0,accel,16250000,-0.15314142405986786,-0.26799750328063965,9.9254789352417,24.0
1649,0,accel,16260000,-0.15314142405986786,-0.2392834722995758,9.8776216506958,24.0
1650,0,accel,16280000,-0.1722840964794159,-0.2392834722995758,9.896764755249023,24.0
1651,0,accel,16290000,-0.16271276772022247,-0.26799750328063965,9.91590690612793,24.0
1652,0,accel,16300000,-0.1722840964794159,-0.24885481595993042,9.8776216506958,24.0
1653,0,accel,16310000,-0.22014079988002777,-0.2871401607990265,9.868050575256348,24.0
1654,0,accel,16320000,-0.19142678380012512,-0.2871401607990265,9.887192726135254,24.0
1672,0,accel,16350000,-0.1818554401397705,-0.26799750328063965,9.887192726135254,24.0
1673,0,accel,16360000,-0.15314142405986786,-0.2775688171386719,9.820194244384766,24.0
1674,0,accel,16370000,-0.16271276772022247,-0.2775688171386719,9.820194244384766,24.0
1675,0,accel,16380000,-0.1818554401397705,-0.24885481595993042,9.839336395263672,24.0
1676,0,accel,16390000,-0.14357008039951324,-0.2967115044593811,9.829765319824219,24.0
1677,0,accel,16400000,-0.13399875164031982,-0.2871401607990265,9.848907470703125,24.0
1678,0,accel,16410000,-0.12442740797996521,-0.2392834722995758,9.829765319824219,24.0
1679,0,accel,16420000,-0.15314142405986786,-0.2775688171386719,9.848907470703125,24.0
1680,0,accel,16430000,-0.16271276772022247,-0.24885481595993042,9.820194244384766,24.0
1681,0,accel,16440000,-0.13399875164031982,-0.2775688171386719,9.858479499816895,24.0
1700,0,accel,16470000,-0.16271276772022247,-0.3062828481197357,9.887192726135254,24.0
1701,0,accel,16480000,-0.15314142405986786,-0.2775688171386719,9.896764755249023,24.0
1702,0,accel,16490000,-0.15314142405986786,-0.2775688171386719,9.906335830688477,24.0
1703,0,accel,16500000,-0.15314142405986786,-0.25842615962028503,9.887192726135254,24.0
1704,0,accel,16510000,-0.14357008039951324,-0.26799750328063965,9.91590690612793,24.0
1705,0,accel,16520000,-0.16271276772022247,-0.26799750328063965,9.896764755249023,24.0
1706,0,accel,16530000,-0.1148560643196106,-0.2775688171386719,9.906335830688477,24.0
1707,0,accel,16540000,-0.14357008039951324,-0.2775688171386719,9.887192726135254,24.0
1708,0,accel,16550000,-0.15314142405986786,-0.2871401607990265,9.935050010681152,24.0
1709,0,accel,16560000,-0.12442740797996521,-0.2967115044593811,9.935050010681152,24.0
1725,0,accel,16580000,-0.15314142405986786,-0.26799750328063965,9.9254789352417,24.0
1726,0,accel,16590000,-0.16271276772022247,-0.24885481595993042,9.973335266113281,24.0
1727,0,accel,16600000,-0.1722840964794159,-0.25842615962028503,9.91590690612793,24.0
1728,0,accel,16610000,-0.1722840964794159,-0.25842615962028503,9.935050010681152,24.0
1729,0,accel,16620000,-0.1818554401397705,-0.25842615962028503,9.954192161560059,24.0
1730,0,accel,16630000,-0.16271276772022247,-0.2297121286392212,9.954192161560059,24.0
1731,0,accel,16640000,-0.1722840964794159,-0.25842615962028503,9.973335266113281,24.0
1732,0,accel,16650000,-0.19142678380012512,-0.25842615962028503,9.973335266113281,24.0
1733,0,accel,16660000,-0.1818554401397705,-0.2871401607990265,9.9254789352417,24.0
1734,0,accel,16670000,-0.1722840964794159,-0.24885481595993042,9.91590690612793,24.0
1749,0,accel,16680000,-0.15314142405986786,-0.2967115044593811,9.9254789352417,24.0
1750,0,accel,16690000,-0.1818554401397705,-0.26799750328063965,9.9254789352417,24.0
1751,0,accel,16700000,-0.16271276772022247,-0.26799750328063965,9.887192726135254,24.0
1752,0,accel,16710000,-0.1818554401397705,-0.2871401607990265,9.887192726135254,24.0
1753,0,accel,16720000,-0.21056945621967316,-0.2871401607990265,9.896764755249023,24.0
1754,0,accel,16730000,-0.19142678380012512,-0.2392834722995758,9.8776216506958,24.0
1755,0,accel,16740000,-0.16271276772022247,-0.25842615962028503,9.906335830688477,24.0
1756,0,accel,16750000,-0.16271276772022247,-0.2775688171386719,9.896764755249023,24.0
1757,0,accel,16760000,-0.19142678380012512,-0.3062828481197357,9.887192726135254,24.0
1775,0,accel,16790000,-0.15314142405986786,-0.3062828481197357,9.8776216506958,24.0
1776,0,accel,16800000,-0.15314142405986786,-0.3062828481197357,9.868050575256348,24.0
1777,0,accel,16820000,-0.1818554401397705,-0.2871401607990265,9.8776216506958,24.0
1778,0,accel,16830000,-0.14357008039951324,-0.25842615962028503,9.839336395263672,24.0
1779,0,accel,16840000,-0.19142678380012512,-0.2775688171386719,9.839336395263672,24.0
1780,0,accel,16850000,-0.1818554401397705,-0.24885481595993042,9.839336395263672,24.0
1781,0,accel,16860000,-0.1722840964794159,-0.26799750328063965,9.839336395263672,24.0
1782,0,accel,16870000,-0.1818554401397705,-0.3062828481197357,9.839336395263672,24.0
1783,0,accel,16880000,-0.16271276772022247,-0.2967115044593811,9.839336395263672,24.0
1784,0,accel,16890000,-0.15314142405986786,-0.2871401607990265,9.829765319824219,24.0
1799,0,accel,16900000,-0.10528472810983658,-0.2871401607990265,9.829765319824219,24.0
1800,0,accel,16910000,-0.13399875164031982,-0.24885481595993042,9.829765319824219,24.0
1801,0,accel,16920000,-0.12442740797996521,-0.2871401607990265,9.829765319824219,24.0
1802,0,accel,16930000,-0.1148560643196106,-0.26799750328063965,9.839336395263672,24.0
1803,0,accel,16940000,-0.14357008039951324,-0.2775688171386719,9.858479499816895,24.0
1804,0,accel,16950000,-0.1818554401397705,-0.24885481595993042,9.868050575256348,24.0
1805,0,accel,16960000,-0.16271276772022247,-0.2775688171386719,9.8776216506958,24.0
1806,0,accel,16970000,-0.14357008039951324,-0.2392834722995758,9.8776216506958,24.0
1807,0,accel,16980000,-0.1148560643196106,-0.2775688171386719,9.887192726135254,24.0
1808,0,accel,16990000,-0.1148560643196106,-0.2392834722995758,9.896764755249023,24.0
1828,0,accel,17030000,-0.13399875164031982,-0.2775688171386719,9.887192726135254,24.0
1829,0,accel,17040000,-0.15314142405986786,-0.25842615962028503,9.91590690612793,24.0
1830,0,accel,17050000,-0.15314142405986786,-0.2775688171386719,9.9254789352417,24.0
1831,0,accel,17060000,-0.1818554401397705,-0.25842615962028503,9.906335830688477,24.0
1832,0,accel,17070000,-0.1818554401397705,-0.26799750328063965,9.887192726135254,24.0
1833,0,accel,17080000,-0.16271276772022247,-0.2871401607990265,9.8776216506958,24.0
1834,0,accel,17090000,-0.14357008039951324,-0.2967115044593811,9.868050575256348,24.0
1835,0,accel,17100000,-0.13399875164031982,-0.2871401607990265,9.868050575256348,24.0
1836,0,accel,17110000,-0.15314142405986786,-0.26799750328063965,9.8776216506958,24.0
1837,0,accel,17120000,-0.14357008039951324,-0.2871401607990265,9.887192726135254,24.0
1853,0,accel,17130000,-0.1722840964794159,-0.2967115044593811,9.8776216506958,24.0
1854,0,accel,17140000,-0.15314142405986786,-0.25842615962028503,9.896764755249023,24.0
1855,0,accel,17150000,-0.1818554401397705,-0.24885481595993042,9.868050575256348,24.0
1856,0,accel,17160000,-0.1818554401397705,-0.25842615962028503,9.896764755249023,24.0
1857,0,accel,17170000,-0.19142678380012512,-0.25842615962028503,9.896764755249023,24.0
1858,0,accel,17180000,-0.1722840964794159,-0.25842615962028503,9.896764755249023,24.0
1859,0,accel,17190000,-0.16271276772022247,-0.26799750328063965,9.8776216506958,24.0
1860,0,accel,17200000,-0.13399875164031982,-0.2871401607990265,9.887192726135254,24.0
1861,0,accel,17210000,-0.14357008039951324,-0.2871401607990265,9.868050575256348,24.0
1862,0,accel,17220000,-0.15314142405986786,-0.2775688171386719,9.887192726135254,24.0
1879,0,accel,17230000,-0.12442740797996521,-0.31585419178009033,9.8776216506958,24.0
1880,0,accel,17240000,-0.14357008039951324,-0.2775688171386719,9.887192726135254,24.0
1881,0,accel,17250000,-0.16271276772022247,-0.3062828481197357,9.887192726135254,24.0
1882,0,accel,17260000,-0.20099811255931854,-0.2871401607990265,9.887192726135254,24.0
1883,0,accel,17270000,-0.1818554401397705,-0.25842615962028503,9.887192726135254,24.0
1884,0,accel,17280000,-0.1722840964794159,-0.25842615962028503,9.8776216506958,24.0
1885,0,accel,17290000,-0.1722840964794159,-0.2775688171386719,9.8776216506958,24.0
1886,0,accel,17300000,-0.1722840964794159,-0.25842615962028503,9.906335830688477,24.0
1887,0,accel,17310000,-0.20099811255931854,-0.2871401607990265,9.896764755249023,24.0
1888,0,accel,17320000,-0.1722840964794159,-0.2775688171386719,9.868050575256348,24.0
1904,0,accel,17330000,-0.1818554401397705,-0.26799750328063965,9.887192726135254,24.0
1905,0,accel,17350000,-0.19142678380012512,-0.26799750328063965,9.8776216506958,24.0
1906,0,accel,17360000,-0.16271276772022247,-0.25842615962028503,9.8776216506958,24.0
1907,0,accel,17370000,-0.19142678380012512,-0.2775688171386719,9.8776216506958,24.0
1908,0,accel,17380000,-0.16271276772022247,-0.25842615962028503,9.8776216506958,24.0
1909,0,accel,17390000,-0.16271276772022247,-0.2871401607990265,9.906335830688477,24.0
1910,0,accel,17400000,-0.19142678380012512,-0.2775688171386719,9.896764755249023,24.0
1911,0,accel,17410000,-0.19142678380012512,-0.3062828481197357,9.896764755249023,24.0
1912,0,accel,17420000,-0.1818554401397705,-0.2871401607990265,9.8776216506958,24.0
1913,0,accel,17430000,-0.15314142405986786,-0.2775688171386719,9.858479499816895,24.0
1927,0,accel,17460000,-0.15314142405986786,-0.26799750328063965,9.906335830688477,24.0
1928,0,accel,17470000,-0.14357008039951324,-0.2967115044593811,9.887192726135254,24.0
1929,0,accel,17480000,-0.19142678380012512,-0.25842615962028503,9.8776216506958,24.0
1930,0,accel,17490000,-0.15314142405986786,-0.26799750328063965,9.896764755249023,24.0
1931,0,accel,17500000,-0.16271276772022247,-0.26799750328063965,9.896764755249023,24.0
1932,0,accel,17510000,-0.13399875164031982,-0.2871401607990265,9.887192726135254,24.0
1933,0,accel,17520000,-0.16271276772022247,-0.24885481595993042,9.887192726135254,24.0
1934,0,accel,17530000,-0.1818554401397705,-0.26799750328063965,9.887192726135254,24.0
1935,0,accel,17540000,-0.13399875164031982,-0.2775688171386719,9.887192726135254,24.0
1936,0,accel,17550000,-0.1722840964794159,-0.25842615962028503,9.887192726135254,24.0
1957,0,accel,17560000,-0.1722840964794159,-0.3062828481197357,9.887192726135254,24.0
1958,0,accel,17570000,-0.1722840964794159,-0.2775688171386719,9.896764755249023,24.0
1959,0,accel,17580000,-0.16271276772022247,-0.2871401607990265,9.8776216506958,24.0
1960,0,accel,17590000,-0.16271276772022247,-0.25842615962028503,9.896764755249023,24.0
1961,0,accel,17600000,-0.15314142405986786,-0.26799750328063965,9.887192726135254,24.0
1962,0,accel,17610000,-0.1722840964794159,-0.26799750328063965,9.896764755249023,24.0
1963,0,accel,17620000,-0.15314142405986786,-0.25842615962028503,9.887192726135254,24.0
1964,0,accel,17630000,-0.1818554401397705,-0.26799750328063965,9.868050575256348,24.0
1965,0,accel,17640000,-0.1818554401397705,-0.26799750328063965,9.91590690612793,24.0
1966,0,accel,17650000,-0.1722840964794159,-0.2775688171386719,9.896764755249023,24.0
1981,0,accel,17670000,-0.20099811255931854,-0.24885481595993042,9.8776216506958,24.0
1982,0,accel,17680000,-0.1818554401397705,-0.24885481595993042,9.8776216506958,24.0
1983,0,accel,17690000,-0.16271276772022247,-0.2775688171386719,9.8776216506958,24.0
1984,0,accel,17700000,-0.15314142405986786,-0.2871401607990265,9.8776216506958,24.0
1985,0,accel,17710000,-0.13399875164031982,-0.3062828481197357,9.896764755249023,24.0
1986,0,accel,17720000,-0.16271276772022247,-0.33499687910079956,9.8776216506958,24.0
1987,0,accel,17730000,-0.1722840964794159,-0.2871401607990265,9.8776216506958,24.0
1988,0,accel,17740000,-0.16271276772022247,-0.2871401607990265,9.887192726135254,24.0
1989,0,accel,17750000,-0.1722840964794159,-0.2871401607990265,9.887192726135254,24.0
1990,0,accel,17760000,-0.15314142405986786,-0.2871401607990265,9.91590690612793,24.0
2009,0,accel,17790000,-0.20099811255931854,-0.2392834722995758,9.858479499816895,24.0
2010,0,accel,17800000,-0.1722840964794159,-0.2871401607990265,9.868050575256348,24.0
2011,0,accel,17810000,-0.16271276772022247,-0.2871401607990265,9.887192726135254,24.0
2012,0,accel,17820000,-0.1722840964794159,-0.2871401607990265,9.906335830688477,24.0
2013,0,accel,17830000,-0.15314142405986786,-0.2775688171386719,9.8776216506958,24.0
2014,0,accel,17840000,-0.13399875164031982,-0.24885481595993042,9.887192726135254,24.0
2015,0,accel,17850000,-0.16271276772022247,-0.26799750328063965,9.8776216506958,24.0
2016,0,accel,17860000,-0.16271276772022247,-0.2392834722995758,9.91590690612793,24.0
2017,0,accel,17880000,-0.1818554401397705,-0.25842615962028503,9.868050575256348,24.0
2018,0,accel,17890000,-0.1722840964794159,-0.2871401607990265,9.8776216506958,24.0
2034,0,accel,17900000,-0.1722840964794159,-0.2871401607990265,9.8776216506958,24.0
2035,0,accel,17910000,-0.19142678380012512,-0.31585419178009033,9.906335830688477,24.0
2036,0,accel,17920000,-0.1818554401397705,-0.2871401607990265,9.906335830688477,24.0
2037,0,accel,17930000,-0.16271276772022247,-0.25842615962028503,9.906335830688477,24.0
2038,0,accel,17940000,-0.15314142405986786,-0.25842615962028503,9.887192726135254,24.0
2039,0,accel,17950000,-0.14357008039951324,-0.26799750328063965,9.906335830688477,24.0
2040,0,accel,17960000,-0.1722840964794159,-0.26799750328063965,9.896764755249023,24.0
2041,0,accel,17970000,-0.15314142405986786,-0.2775688171386719,9.8776216506958,24.0
2042,0,accel,17980000,-0.1722840964794159,-0.2871401607990265,9.858479499816895,24.0
2043,0,accel,17990000,-0.16271276772022247,-0.2871401607990265,9.906335830688477,24.0
2058,0,accel,18010000,-0.1722840964794159,-0.2871401607990265,9.8776216506958,24.0
2059,0,accel,18020000,-0.19142678380012512,-0.26799750328063965,9.8776216506958,24.0
2060,0,accel,18030000,-0.14357008039951324,-0.2392834722995758,9.896764755249023,24.0
2061,0,accel,18040000,-0.16271276772022247,-0.2871401607990265,9.887192726135254,24.0
2062,0,accel,18050000,-0.15314142405986786,-0.2871401607990265,9.887192726135254,24.0
2063,0,accel,18060000,-0.14357008039951324,-0.2775688171386719,9.810622215270996,24.0
2064,0,accel,18070000,-0.1818554401397705,-0.24885481595993042,9.65748119354248,24.0
2065,0,accel,18080000,-0.21056945621967316,-0.2775688171386719,10.250904083251953,24.0
2066,0,accel,18090000,-0.13399875164031982,-0.2871401607990265,10.14561939239502,24.0
2067,0,accel,18100000,-0.09571339190006256,-0.22014079988002777,9.475625991821289,24.0
2085,0,accel,18140000,-0.1722840964794159,-0.25842615962028503,10.203047752380371,24.0
2086,0,accel,18150000,-0.14357008039951324,-0.2775688171386719,9.91590690612793,24.0
2087,0,accel,18160000,-0.09571339190006256,-0.24885481595993042,9.580910682678223,24.0
2088,0,accel,18170000,-0.16271276772022247,-0.2392834722995758,10.059476852416992,24.0
2089,0,accel,18180000,-0.1722840964794159,-0.31585419178009033,10.01162052154541,24.0
2090,0,accel,18190000,-0.13399875164031982,-0.2392834722995758,9.79148006439209,24.0
2091,0,accel,18200000,-0.15314142405986786,-0.2392834722995758,9.906335830688477,24.0
2092,0,accel,18210000,-0.1818554401397705,-0.25842615962028503,9.829765319824219,24.0
2093,0,accel,18220000,-0.19142678380012512,-0.24885481595993042,9.91590690612793,24.0
2094,0,accel,18230000,-0.1722840964794159,-0.3062828481197357,10.040334701538086,24.0
2114,0,accel,18260000,-0.1818554401397705,-0.32542553544044495,9.906335830688477,24.0
2115,0,accel,18270000,-0.16271276772022247,-0.2967115044593811,9.9254789352417,24.0
2116,0,accel,18280000,-0.14357008039951324,-0.26799750328063965,9.91590690612793,24.0
2117,0,accel,18290000,-0.16271276772022247,-0.2871401607990265,9.9254789352417,24.0
2118,0,accel,18300000,-0.21056945621967316,-0.2297121286392212,9.772336959838867,24.0
2119,0,accel,18310000,-0.1818554401397705,-0.26799750328063965,9.868050575256348,24.0
2120,0,accel,18320000,-0.15314142405986786,-0.26799750328063965,9.992478370666504,24.0
2121,0,accel,18330000,-0.14357008039951324,-0.2297121286392212,9.810622215270996,24.0
2122,0,accel,18340000,-0.1722840964794159,-0.26799750328063965,9.868050575256348,24.0
2123,0,accel,18350000,-0.15314142405986786,-0.2967115044593811,9.935050010681152,24.0
2138,0,accel,18370000,-0.1818554401397705,-0.2775688171386719,9.935050010681152,24.0
2139,0,accel,18380000,-0.1722840964794159,-0.25842615962028503,9.906335830688477,24.0
2140,0,accel,18390000,-0.16271276772022247,-0.25842615962028503,9.848907470703125,24.0
2141,0,accel,18400000,-0.16271276772022247,-0.2392834722995758,9.896764755249023,24.0
2142,0,accel,18420000,-0.1722840964794159,-0.26799750328063965,9.8776216506958,24.0
2143,0,accel,18430000,-0.1722840964794159,-0.26799750328063965,9.8776216506958,24.0
2144,0,accel,18440000,-0.1722840964794159,-0.25842615962028503,9.906335830688477,24.0
2145,0,accel,18450000,-0.19142678380012512,-0.2967115044593811,9.8776216506958,24.0
2146,0,accel,18460000,-0.15314142405986786,-0.2871401607990265,9.906335830688477,24.0
2147,0,accel,18470000,-0.16271276772022247,-0.26799750328063965,9.906335830688477,24.0
2166,0,accel,18500000,-0.20099811255931854,-0.25842615962028503,9.896764755249023,24.0
2167,0,accel,18510000,-0.16271276772022247,-0.2967115044593811,9.887192726135254,24.0
2168,0,accel,18520000,-0.16271276772022247,-0.2967115044593811,9.887192726135254,24.0
2169,0,accel,18530000,-0.16271276772022247,-0.2967115044593811,9.887192726135254,24.0
2170,0,accel,18540000,-0.15314142405986786,-0.2775688171386719,9.858479499816895,24.0
2171,0,accel,18550000,-0.15314142405986786,-0.2871401607990265,9.887192726135254,24.0
2172,0,accel,18560000,-0.15314142405986786,-0.26799750328063965,9.896764755249023,24.0
2173,0,accel,18570000,-0.13399875164031982,-0.26799750328063965,9.887192726135254,24.0
2174,0,accel,18580000,-0.1722840964794159,-0.26799750328063965,9.8776216506958,24.0
2175,0,accel,18590000,-0.1818554401397705,-0.2297121286392212,9.8776216506958,24.0
2190,0,accel,18600000,-0.19142678380012512,-0.24885481595993042,9.858479499816895,24.0
2191,0,accel,18610000,-0.1818554401397705,-0.24885481595993042,9.896764755249023,24.0
2192,0,accel,18620000,-0.15314142405986786,-0.2775688171386719,9.896764755249023,24.0
2193,0,accel,18630000,-0.1722840964794159,-0.31585419178009033,9.8776216506958,24.0
2194,0,accel,18640000,-0.16271276772022247,-0.3062828481197357,9.868050575256348,24.0
2195,0,accel,18650000,-0.1818554401397705,-0.3062828481197357,9.887192726135254,24.0
2196,0,accel,18660000,-0.1818554401397705,-0.2871401607990265,9.906335830688477,24.0
2197,0,accel,18670000,-0.1722840964794159,-0.26799750328063965,9.8776216506958,24.0
2198,0,accel,18680000,-0.19142678380012512,-0.2871401607990265,9.887192726135254,24.0
2212,0,accel,18690000,-0.16271276772022247,-0.25842615962028503,9.8776216506958,24.0
2213,0,accel,18700000,-0.15314142405986786,-0.2967115044593811,9.887192726135254,24.0
2214,0,accel,18710000,-0.16271276772022247,-0.26799750328063965,9.887192726135254,24.0
2215,0,accel,18720000,-0.15314142405986786,-0.2967115044593811,9.896764755249023,24.0
2216,0,accel,18730000,-0.1722840964794159,-0.2775688171386719,9.8776216506958,24.0
2217,0,accel,18740000,-0.1722840964794159,-0.2392834722995758,9.8776216506958,24.0
2218,0,accel,18750000,-0.16271276772022247,-0.25842615962028503,9.887192726135254,24.0
2219,0,accel,18760000,-0.15314142405986786,-0.25842615962028503,9.906335830688477,24.0
2220,0,accel,18770000,-0.15314142405986786,-0.26799750328063965,9.8776216506958,24.0
2238,0,accel,18810000,-0.1722840964794159,-0.2871401607990265,9.868050575256348,24.0
2239,0,accel,18820000,-0.15314142405986786,-0.2871401607990265,9.868050575256348,24.0
2240,0,accel,18830000,-0.12442740797996521,-0.2967115044593811,9.906335830688477,24.0
2241,0,accel,18840000,-0.12442740797996521,-0.2775688171386719,9.887192726135254,24.0
2242,0,accel,18850000,-0.15314142405986786,-0.2775688171386719,9.896764755249023,24.0
2243,0,accel,18860000,-0.1818554401397705,-0.26799750328063965,9.906335830688477,24.0
2244,0,accel,18870000,-0.16271276772022247,-0.2775688171386719,9.9254789352417,24.0
2245,0,accel,18880000,-0.1722840964794159,-0.2775688171386719,9.858479499816895,24.0
2246,0,accel,18890000,-0.16271276772022247,-0.26799750328063965,9.906335830688477,24.0
2247,0,accel,18900000,-0.14357008039951324,-0.2775688171386719,9.896764755249023,24.0
2266,0,accel,18950000,-0.20099811255931854,-0.2871401607990265,9.887192726135254,24.0
2267,0,accel,18960000,-0.16271276772022247,-0.2967115044593811,9.887192726135254,24.0
2268,0,accel,18970000,-0.14357008039951324,-0.2871401607990265,9.896764755249023,24.0
2269,0,accel,18980000,-0.13399875164031982,-0.2871401607990265,9.906335830688477,24.0
2270,0,accel,18990000,-0.14357008039951324,-0.2871401607990265,9.868050575256348,24.0
2271,0,accel,19000000,-0.1722840964794159,-0.25842615962028503,9.848907470703125,24.0
2272,0,accel,19010000,-0.1722840964794159,-0.25842615962028503,9.887192726135254,24.0
2273,0,accel,19020000,-0.19142678380012512,-0.2871401607990265,9.868050575256348,24.0
2274,0,accel,19030000,-0.1818554401397705,-0.25842615962028503,9.887192726135254,24.0
2275,0,accel,19040000,-0.16271276772022247,-0.31585419178009033,9.91590690612793,24.0
2291,0,accel,19050000,-0.16271276772022247,-0.2775688171386719,9.906335830688477,24.0
2292,0,accel,19060000,-0.1722840964794159,-0.24885481595993042,9.8776216506958,24.0
2293,0,accel,19070000,-0.1818554401397705,-0.25842615962028503,9.887192726135254,24.0
2294,0,accel,19080000,-0.15314142405986786,-0.2871401607990265,9.858479499816895,24.0
2295,0,accel,19090000,-0.14357008039951324,-0.26799750328063965,9.896764755249023,24.0
2296,0,accel,19100000,-0.12442740797996521,-0.2775688171386719,9.858479499816895,24.0
2297,0,accel,19110000,-0.12442740797996521,-0.25842615962028503,9.91590690612793,24.0
2298,0,accel,19120000,-0.13399875164031982,-0.2967115044593811,9.896764755249023,24.0
2299,0,accel,19130000,-0.16271276772022247,-0.3062828481197357,9.935050010681152,24.0
2300,0,accel,19140000,-0.19142678380012512,-0.2871401607990265,9.906335830688477,24.0
2316,0,accel,19150000,-0.2297121286392212,-0.26799750328063965,9.896764755249023,24.0
2317,0,accel,19160000,-0.1818554401397705,-0.2775688171386719,9.906335830688477,24.0
2318,0,accel,19170000,-0.1818554401397705,-0.2871401607990265,9.868050575256348,24.0
2319,0,accel,19180000,-0.12442740797996521,-0.2775688171386719,9.8776216506958,24.0
2320,0,accel,19190000,-0.14357008039951324,-0.25842615962028503,9.91590690612793,24.0
2321,0,accel,19200000,-0.10528472810983658,-0.2775688171386719,9.848907470703125,24.0
2322,0,accel,19210000,-0.1148560643196106,-0.3062828481197357,9.91590690612793,24.0
2323,0,accel,19220000,-0.15314142405986786,-0.24885481595993042,9.820194244384766,24.0
2324,0,accel,19230000,-0.14357008039951324,-0.2775688171386719,9.8776216506958,24.0
2325,0,accel,19240000,-0.14357008039951324,-0.2967115044593811,9.9254789352417,24.0
2343,0,accel,19270000,-0.21056945621967316,-0.26799750328063965,9.829765319824219,24.0
2344,0,accel,19280000,-0.20099811255931854,-0.24885481595993042,9.935050010681152,24.0
2345,0,accel,19290000,-0.15314142405986786,-0.24885481595993042,9.896764755249023,24.0
2346,0,accel,19300000,-0.12442740797996521,-0.25842615962028503,9.848907470703125,24.0
2347,0,accel,19310000,-0.16271276772022247,-0.24885481595993042,9.8776216506958,24.0
2348,0,accel,19320000,-0.1722840964794159,-0.2871401607990265,9.868050575256348,24.0
2349,0,accel,19330000,-0.12442740797996521,-0.3062828481197357,9.829765319824219,24.0
2350,0,accel,19340000,-0.13399875164031982,-0.2967115044593811,9.944621086120605,24.0
2351,0,accel,19350000,-0.1818554401397705,-0.25842615962028503,9.858479499816895,24.0
2352,0,accel,19360000,-0.24885481595993042,-0.25842615962028503,9.858479499816895,24.0
2368,0,accel,19380000,-0.19142678380012512,-0.3062828481197357,9.868050575256348,24.0
2369,0,accel,19390000,-0.1818554401397705,-0.26799750328063965,9.896764755249023,24.0
2370,0,accel,19400000,-0.19142678380012512,-0.2871401607990265,9.887192726135254,24.0
2371,0,accel,19410000,-0.12442740797996521,-0.2871401607990265,9.839336395263672,24.0
2372,0,accel,19420000,-0.16271276772022247,-0.2775688171386719,9.896764755249023,24.0
2373,0,accel,19430000,-0.15314142405986786,-0.26799750328063965,9.868050575256348,24.0
2374,0,accel,19440000,-0.10528472810983658,-0.2775688171386719,9.887192726135254,24.0
2375,0,accel,19450000,-0.1148560643196106,-0.2297121286392212,9.906335830688477,24.0
2376,0,accel,19460000,-0.13399875164031982,-0.2297121286392212,9.896764755249023,24.0
2377,0,accel,19480000,-0.16271276772022247,-0.2392834722995758,9.906335830688477,24.0
2394,0,accel,19500000,-0.19142678380012512,-0.24885481595993042,9.858479499816895,24.0
2395,0,accel,19510000,-0.22014079988002777,-0.2775688171386719,9.896764755249023,24.0
2396,0,accel,19520000,-0.19142678380012512,-0.2775688171386719,9.887192726135254,24.0
2397,0,accel,19530000,-0.16271276772022247,-0.3062828481197357,9.868050575256348,24.0
2398,0,accel,19540000,-0.16271276772022247,-0.26799750328063965,9.9254789352417,24.0
2399,0,accel,19550000,-0.14357008039951324,-0.2392834722995758,9.839336395263672,24.0
2400,0,accel,19560000,-0.15314142405986786,-0.25842615962028503,9.8776216506958,24.0
2401,0,accel,19570000,-0.12442740797996521,-0.2392834722995758,9.973335266113281,24.0
2402,0,accel,19580000,-0.09571339190006256,-0.2392834722995758,9.858479499816895,24.0
2403,0,accel,19590000,-0.14357008039951324,-0.25842615962028503,9.896764755249023,24.0
2422,0,accel,19630000,-0.1818554401397705,-0.26799750328063965,9.896764755249023,24.0
2423,0,accel,19640000,-0.16271276772022247,-0.26799750328063965,9.848907470703125,24.0
2424,0,accel,19650000,-0.1818554401397705,-0.26799750328063965,9.935050010681152,24.0
2425,0,accel,19660000,-0.1722840964794159,-0.25842615962028503,9.8776216506958,24.0
2426,0,accel,19670000,-0.13399875164031982,-0.26799750328063965,9.91590690612793,24.0
2427,0,accel,19680000,-0.12442740797996521,-0.2775688171386719,9.91590690612793,24.0
2428,0,accel,19690000,-0.12442740797996521,-0.26799750328063965,9.858479499816895,24.0
2429,0,accel,19700000,-0.1148560643196106,-0.2392834722995758,9.9254789352417,24.0
2430,0,accel,19710000,-0.10528472810983658,-0.2297121286392212,9.9254789352417,24.0
2431,0,accel,19720000,-0.10528472810983658,-0.24885481595993042,9.848907470703125,24.0
2449,0,accel,19730000,-0.15314142405986786,-0.2871401607990265,9.868050575256348,24.0
2450,0,accel,19740000,-0.21056945621967316,-0.3445681929588318,9.91590690612793,24.0
2451,0,accel,19750000,-0.19142678380012512,-0.3541395366191864,9.944621086120605,24.0
2452,0,accel,19760000,-0.21056945621967316,-0.33499687910079956,9.896764755249023,24.0
2453,0,accel,19770000,-0.21056945621967316,-0.26799750328063965,9.839336395263672,24.0
2454,0,accel,19780000,-0.1818554401397705,-0.3062828481197357,9.839336395263672,24.0
2455,0,accel,19790000,-0.1818554401397705,-0.26799750328063965,9.896764755249023,24.0
2456,0,accel,19800000,-0.16271276772022247,-0.2775688171386719,9.848907470703125,24.0
2457,0,accel,19810000,-0.15314142405986786,-0.26799750328063965,9.8776216506958,24.0
2458,0,accel,19820000,-0.14357008039951324,-0.2775688171386719,9.887192726135254,24.0
2469,0,accel,19830000,-0.13399875164031982,-0.26799750328063965,9.91590690612793,24.0
2470,0,accel,19840000,-0.12442740797996521,-0.25842615962028503,9.868050575256348,24.0
2471,0,accel,19850000,-0.16271276772022247,-0.26799750328063965,9.896764755249023,24.0
2472,0,accel,19860000,-0.16271276772022247,-0.25842615962028503,9.868050575256348,24.0
2473,0,accel,19870000,-0.1722840964794159,-0.24885481595993042,9.906335830688477,24.0
2474,0,accel,19880000,-0.20099811255931854,-0.26799750328063965,9.896764755249023,24.0
2475,0,accel,19890000,-0.21056945621967316,-0.2871401607990265,9.906335830688477,24.0
2476,0,accel,19900000,-0.22014079988002777,-0.2871401607990265,9.896764755249023,24.0
2477,0,accel,19910000,-0.22014079988002777,-0.2871401607990265,9.887192726135254,24.0
2497,0,accel,19950000,-0.13399875164031982,-0.26799750328063965,9.906335830688477,24.0
2498,0,accel,19960000,-0.16271276772022247,-0.2775688171386719,9.887192726135254,24.0
2499,0,accel,19970000,-0.1722840964794159,-0.2967115044593811,9.887192726135254,24.0
2500,0,accel,19980000,-0.1818554401397705,-0.2871401607990265,9.896764755249023,24.0
2501,0,accel,19990000,-0.1818554401397705,-0.31585419178009033,9.8776216506958,24.0
2502,0,accel,20000000,-0.19142678380012512,-0.32542553544044495,9.868050575256348,24.0
2503,0,accel,20020000,-0.19142678380012512,-0.2871401607990265,9.896764755249023,24.0
2504,0,accel,20030000,-0.1818554401397705,-0.2775688171386719,9.887192726135254,24.0
2505,0,accel,20040000,-0.13399875164031982,-0.2775688171386719,9.8776216506958,24.0
2506,0,accel,20050000,-0.16271276772022247,-0.2775688171386719,9.887192726135254,24.0
2522,0,accel,20060000,-0.13399875164031982,-0.2871401607990265,9.887192726135254,24.0
2523,0,accel,20070000,-0.15314142405986786,-0.2967115044593811,9.896764755249023,24.0
2524,0,accel,20080000,-0.12442740797996521,-0.2871401607990265,9.896764755249023,24.0
2525,0,accel,20090000,-0.1148560643196106,-0.25842615962028503,9.887192726135254,24.0
2526,0,accel,20100000,-0.14357008039951324,-0.25842615962028503,9.91590690612793,24.0
2527,0,accel,20110000,-0.13399875164031982,-0.22014079988002777,9.91590690612793,24.0
2528,0,accel,20120000,-0.19142678380012512,-0.2392834722995758,9.906335830688477,24.0
2529,0,accel,20130000,-0.1722840964794159,-0.24885481595993042,9.9254789352417,24.0
2530,0,accel,20140000,-0.1818554401397705,-0.3062828481197357,9.9254789352417,24.0
2531,0,accel,20150000,-0.16271276772022247,-0.31585419178009033,9.9254789352417,24.0
2550,0,accel,20170000,-0.16271276772022247,-0.2775688171386719,9.9254789352417,24.0
2551,0,accel,20180000,-0.16271276772022247,-0.24885481595993042,9.887192726135254,24.0
2552,0,accel,20190000,-0.1148560643196106,-0.2392834722995758,10.01162052154541,24.0
2553,0,accel,20200000,-0.10528472810983658,-0.2967115044593811,10.040334701538086,24.0
2554,0,accel,20210000,-0.15314142405986786,-0.2967115044593811,9.839336395263672,24.0
2555,0,accel,20220000,-0.15314142405986786,-0.2871401607990265,9.858479499816895,24.0
2556,0,accel,20230000,-0.1818554401397705,-0.2967115044593811,9.91590690612793,24.0
2557,0,accel,20240000,-0.1722840964794159,-0.26799750328063965,9.935050010681152,24.0
2558,0,accel,20250000,-0.19142678380012512,-0.26799750328063965,9.9254789352417,24.0
2559,0,accel,20260000,-0.1722840964794159,-0.25842615962028503,9.858479499816895,24.0
2574,0,accel,20280000,-0.16271276772022247,-0.2392834722995758,9.982906341552734,24.0
2575,0,accel,20290000,-0.13399875164031982,-0.2871401607990265,9.896764755249023,24.0
2576,0,accel,20300000,-0.12442740797996521,-0.26799750328063965,9.887192726135254,24.0
2577,0,accel,20310000,-0.19142678380012512,-0.2775688171386719,9.8776216506958,24.0
2578,0,accel,20320000,-0.14357008039951324,-0.2871401607990265,9.868050575256348,24.0
2579,0,accel,20330000,-0.14357008039951324,-0.2871401607990265,9.896764755249023,24.0
2580,0,accel,20340000,-0.15314142405986786,-0.31585419178009033,9.8776216506958,24.0
2581,0,accel,20350000,-0.1818554401397705,-0.2967115044593811,9.887192726135254,24.0
2582,0,accel,20360000,-0.21056945621967316,-0.2967115044593811,9.839336395263672,24.0
2583,0,accel,20370000,-0.22014079988002777,-0.24885481595993042,9.858479499816895,24.0
2598,0,accel,20380000,-0.22014079988002777,-0.26799750328063965,9.829765319824219,24.0
2599,0,accel,20390000,-0.19142678380012512,-0.2775688171386719,9.868050575256348,24.0
2600,0,accel,20400000,-0.16271276772022247,-0.25842615962028503,9.848907470703125,24.0
2601,0,accel,20410000,-0.15314142405986786,-0.26799750328063965,9.820194244384766,24.0
2602,0,accel,20420000,-0.1148560643196106,-0.26799750328063965,9.839336395263672,24.0
2603,0,accel,20430000,-0.1148560643196106,-0.2775688171386719,9.848907470703125,24.0
2604,0,accel,20440000,-0.13399875164031982,-0.32542553544044495,9.839336395263672,24.0
2605,0,accel,20450000,-0.1722840964794159,-0.2871401607990265,9.801051139831543,24.0
2606,0,accel,20460000,-0.15314142405986786,-0.3062828481197357,9.820194244384766,24.0
2622,0,accel,20470000,-0.16271276772022247,-0.2967115044593811,9.820194244384766,24.0
2623,0,accel,20480000,-0.1818554401397705,-0.2775688171386719,9.868050575256348,24.0
2624,0,accel,20490000,-0.16271276772022247,-0.25842615962028503,9.868050575256348,24.0
2625,0,accel,20500000,-0.19142678380012512,-0.24885481595993042,9.848907470703125,24.0
2626,0,accel,20510000,-0.1722840964794159,-0.2967115044593811,9.848907470703125,24.0
2627,0,accel,20520000,-0.1722840964794159,-0.25842615962028503,9.9254789352417,24.0
2628,0,accel,20530000,-0.1148560643196106,-0.26799750328063965,9.887192726135254,24.0
2629,0,accel,20550000,-0.14357008039951324,-0.26799750328063965,9.887192726135254,24.0
2630,0,accel,20560000,-0.12442740797996521,-0.2967115044593811,9.868050575256348,24.0
2631,0,accel,20570000,-0.13399875164031982,-0.2871401607990265,9.887192726135254,24.0
2650,0,accel,20620000,-0.19142678380012512,-0.2871401607990265,9.896764755249023,24.0
2651,0,accel,20630000,-0.15314142405986786,-0.26799750328063965,9.896764755249023,24.0
2652,0,accel,20640000,-0.1818554401397705,-0.2392834722995758,9.887192726135254,24.0
2653,0,accel,20650000,-0.1818554401397705,-0.26799750328063965,9.848907470703125,24.0
2654,0,accel,20660000,-0.13399875164031982,-0.2775688171386719,9.8776216506958,24.0
2655,0,accel,20670000,-0.1818554401397705,-0.26799750328063965,9.906335830688477,24.0
2656,0,accel,20680000,-0.15314142405986786,-0.26799750328063965,9.868050575256348,24.0
2657,0,accel,20690000,-0.20099811255931854,-0.2775688171386719,9.8776216506958,24.0
2658,0,accel,20700000,-0.15314142405986786,-0.26799750328063965,9.896764755249023,24.0
2659,0,accel,20710000,-0.19142678380012512,-0.2775688171386719,9.8776216506958,24.0
2676,0,accel,20720000,-0.16271276772022247,-0.2775688171386719,9.896764755249023,24.0
2677,0,accel,20730000,-0.20099811255931854,-0.26799750328063965,9.887192726135254,24.0
2678,0,accel,20740000,-0.1722840964794159,-0.25842615962028503,9.868050575256348,24.0
2679,0,accel,20750000,-0.13399875164031982,-0.2775688171386719,9.91590690612793,24.0
2680,0,accel,20760000,-0.14357008039951324,-0.2871401607990265,9.91590690612793,24.0
2681,0,accel,20770000,-0.16271276772022247,-0.2967115044593811,9.858479499816895,24.0
2682,0,accel,20780000,-0.1722840964794159,-0.2967115044593811,9.906335830688477,24.0
2683,0,accel,20790000,-0.1818554401397705,-0.2871401607990265,9.9254789352417,24.0
2684,0,accel,20800000,-0.16271276772022247,-0.25842615962028503,9.887192726135254,24.0
2700,0,accel,20820000,-0.20099811255931854,-0.26799750328063965,9.887192726135254,24.0
2701,0,accel,20830000,-0.1818554401397705,-0.25842615962028503,9.906335830688477,24.0
2702,0,accel,20840000,-0.16271276772022247,-0.25842615962028503,9.8776216506958,24.0
2703,0,accel,20850000,-0.15314142405986786,-0.3062828481197357,9.91590690612793,24.0
2704,0,accel,20860000,-0.15314142405986786,-0.2775688171386719,9.848907470703125,24.0
2705,0,accel,20870000,-0.15314142405986786,-0.32542553544044495,9.896764755249023,24.0
2706,0,accel,20880000,-0.16271276772022247,-0.3062828481197357,9.906335830688477,24.0
2707,0,accel,20890000,-0.1722840964794159,-0.26799750328063965,9.848907470703125,24.0
2708,0,accel,20900000,-0.16271276772022247,-0.2967115044593811,9.896764755249023,24.0
2709,0,accel,20910000,-0.19142678380012512,-0.2967115044593811,9.91590690612793,24.0
2723,0,accel,20920000,-0.19142678380012512,-0.25842615962028503,9.848907470703125,24.0
2724,0,accel,20930000,-0.20099811255931854,-0.25842615962028503,9.896764755249023,24.0
2725,0,accel,20940000,-0.21056945621967316,-0.24885481595993042,9.9254789352417,24.0
2726,0,accel,20950000,-0.1722840964794159,-0.26799750328063965,9.858479499816895,24.0
2727,0,accel,20960000,-0.16271276772022247,-0.2775688171386719,9.896764755249023,24.0
2728,0,accel,20970000,-0.14357008039951324,-0.2871401607990265,9.868050575256348,24.0
2729,0,accel,20980000,-0.1148560643196106,-0.26799750328063965,9.8776216506958,24.0
2730,0,accel,20990000,-0.12442740797996521,-0.26799750328063965,9.9254789352417,24.0
2731,0,accel,21000000,-0.12442740797996521,-0.2392834722995758,9.896764755249023,24.0
2732,0,accel,21010000,-0.16271276772022247,-0.2871401607990265,9.8776216506958,24.0
2749,0,accel,21030000,-0.21056945621967316,-0.2775688171386719,9.887192726135254,24.0
2750,0,accel,21040000,-0.21056945621967316,-0.2871401607990265,9.896764755249023,24.0
2751,0,accel,21050000,-0.16271276772022247,-0.2871401607990265,9.887192726135254,24.0
2752,0,accel,21060000,-0.19142678380012512,-0.3062828481197357,9.868050575256348,24.0
2753,0,accel,21080000,-0.16271276772022247,-0.2871401607990265,9.848907470703125,24.0
2754,0,accel,21090000,-0.13399875164031982,-0.2871401607990265,9.887192726135254,24.0
2755,0,accel,21100000,-0.1818554401397705,-0.24885481595993042,9.896764755249023,24.0
2756,0,accel,21110000,-0.1148560643196106,-0.22014079988002777,9.906335830688477,24.0
2757,0,accel,21120000,-0.14357008039951324,-0.25842615962028503,9.887192726135254,24.0
2758,0,accel,21130000,-0.14357008039951324,-0.2871401607990265,9.858479499816895,24.0
2776,0,accel,21140000,-0.14357008039951324,-0.31585419178009033,9.896764755249023,24.0
2777,0,accel,21150000,-0.15314142405986786,-0.2775688171386719,9.8776216506958,24.0
